"","ASVs","Kingdom","Phylum","Class","Order","Family","Genus"
"ASV_7","ASV_7","Bacteria","Bacteroidetes","Sphingobacteriia","Sphingobacteriales","Sphingobacteriaceae",NA
"ASV_9","ASV_9","Bacteria","Proteobacteria","Betaproteobacteria","Burkholderiales","Burkholderiaceae","Robbsia"
"ASV_10","ASV_10","Bacteria","Proteobacteria","Alphaproteobacteria","Rhodospirillales","Acetobacteraceae",NA
"ASV_11","ASV_11","Bacteria","Proteobacteria","Alphaproteobacteria","Rhodospirillales","Acetobacteraceae",NA
"ASV_12","ASV_12","Bacteria","Proteobacteria","Alphaproteobacteria","Sphingomonadales","Sphingomonadaceae","Sphingomonas"
"ASV_13","ASV_13","Bacteria","Proteobacteria","Alphaproteobacteria","Rhodospirillales","Acetobacteraceae",NA
"ASV_15","ASV_15","Bacteria","Proteobacteria","Alphaproteobacteria","Rhodospirillales","Acetobacteraceae",NA
"ASV_17","ASV_17","Bacteria","Proteobacteria","Alphaproteobacteria","Rhodospirillales","Acetobacteraceae",NA
"ASV_18","ASV_18","Bacteria","Proteobacteria","Gammaproteobacteria","Enterobacterales","Erwiniaceae","Buchnera"
"ASV_21","ASV_21","Bacteria","Proteobacteria","Alphaproteobacteria","Rhodospirillales","Acetobacteraceae",NA
"ASV_22","ASV_22","Bacteria","Proteobacteria","Alphaproteobacteria","Rhizobiales","Beijerinckiaceae",NA
"ASV_23","ASV_23","Bacteria","Proteobacteria","Alphaproteobacteria","Rhizobiales",NA,NA
"ASV_45","ASV_45","Bacteria","Proteobacteria","Alphaproteobacteria","Rhodospirillales","Acetobacteraceae",NA
"ASV_48","ASV_48","Bacteria","Proteobacteria","Betaproteobacteria","Burkholderiales","Oxalobacteraceae","Massilia"
"ASV_54","ASV_54","Bacteria","Proteobacteria","Alphaproteobacteria","Rhizobiales",NA,NA
"ASV_56","ASV_56","Bacteria","Proteobacteria","Betaproteobacteria","Burkholderiales","Burkholderiaceae","Robbsia"
"ASV_61","ASV_61","Bacteria","Proteobacteria","Alphaproteobacteria","Sphingomonadales","Sphingomonadaceae","Sphingomonas"
"ASV_62","ASV_62","Bacteria","Proteobacteria","Betaproteobacteria","Burkholderiales","Comamonadaceae",NA
"ASV_66","ASV_66","Bacteria","Actinobacteria","Actinobacteria","Micrococcales","Dermacoccaceae",NA
"ASV_71","ASV_71","Bacteria","Acidobacteria","Acidobacteria_Gp1","Terriglobus",NA,NA
"ASV_72","ASV_72","Bacteria","Proteobacteria","Alphaproteobacteria","Rhizobiales","Methylobacteriaceae","Methylobacterium"
"ASV_77","ASV_77","Bacteria","Proteobacteria","Alphaproteobacteria",NA,NA,NA
"ASV_87","ASV_87","Bacteria","Proteobacteria","Alphaproteobacteria","Rhodospirillales","Acetobacteraceae",NA
"ASV_90","ASV_90","Bacteria","Bacteroidetes","Cytophagia","Cytophagales","Hymenobacteraceae","Hymenobacter"
"ASV_92","ASV_92","Bacteria","Proteobacteria","Alphaproteobacteria","Rhizobiales",NA,NA
"ASV_95","ASV_95","Bacteria","Proteobacteria","Betaproteobacteria","Burkholderiales","Alcaligenaceae","Pigmentiphaga"
"ASV_97","ASV_97","Bacteria","Bacteroidetes","Cytophagia","Cytophagales","Hymenobacteraceae","Hymenobacter"
"ASV_98","ASV_98","Bacteria","Proteobacteria","Gammaproteobacteria","Enterobacterales",NA,NA
"ASV_103","ASV_103","Bacteria","Proteobacteria",NA,NA,NA,NA
"ASV_108","ASV_108","Bacteria","Proteobacteria","Alphaproteobacteria","Rhodospirillales","Acetobacteraceae",NA
"ASV_109","ASV_109","Bacteria","Actinobacteria","Actinobacteria","Micrococcales","Microbacteriaceae","Frondihabitans"
"ASV_116","ASV_116","Bacteria","Bacteroidetes","Cytophagia","Cytophagales","Hymenobacteraceae","Hymenobacter"
"ASV_122","ASV_122","Bacteria","Proteobacteria","Gammaproteobacteria","Enterobacterales",NA,NA
"ASV_125","ASV_125","Bacteria","Firmicutes","Bacilli","Bacillales","Bacillaceae_1","Bacillus"
"ASV_129","ASV_129","Bacteria","Bacteroidetes","Cytophagia","Cytophagales","Hymenobacteraceae","Hymenobacter"
"ASV_130","ASV_130","Bacteria","Proteobacteria","Gammaproteobacteria","Pseudomonadales","Pseudomonadaceae","Pseudomonas"
"ASV_137","ASV_137","Bacteria","Proteobacteria",NA,NA,NA,NA
"ASV_142","ASV_142","Bacteria","Actinobacteria","Actinobacteria","Pseudonocardiales","Pseudonocardiaceae","Actinomycetospora"
"ASV_149","ASV_149","Bacteria","Proteobacteria","Alphaproteobacteria","Rhizobiales","Beijerinckiaceae","Beijerinckia"
"ASV_150","ASV_150","Bacteria","Actinobacteria","Actinobacteria","Nakamurellales","Nakamurellaceae","Nakamurella"
"ASV_157","ASV_157","Bacteria","Firmicutes","Clostridia","Clostridiales","Peptostreptococcaceae","Romboutsia"
"ASV_158","ASV_158","Bacteria","Proteobacteria","Alphaproteobacteria","Rhizobiales",NA,NA
"ASV_163","ASV_163","Bacteria","Proteobacteria","Alphaproteobacteria","Rhizobiales",NA,NA
"ASV_165","ASV_165","Bacteria","Proteobacteria","Alphaproteobacteria","Rhodospirillales","Acetobacteraceae","Acidisoma"
"ASV_176","ASV_176","Bacteria","Bacteroidetes","Cytophagia","Cytophagales","Hymenobacteraceae","Hymenobacter"
"ASV_179","ASV_179","Bacteria","Acidobacteria","Acidobacteria_Gp1","Granulicella",NA,NA
"ASV_187","ASV_187","Bacteria","Bacteroidetes","Cytophagia","Cytophagales","Hymenobacteraceae","Hymenobacter"
"ASV_188","ASV_188","Bacteria","Proteobacteria","Alphaproteobacteria","Rhodospirillales","Acetobacteraceae",NA
"ASV_189","ASV_189","Bacteria","Proteobacteria","Alphaproteobacteria","Sphingomonadales","Sphingomonadaceae","Sphingomonas"
"ASV_193","ASV_193","Bacteria","Proteobacteria","Alphaproteobacteria","Sphingomonadales","Sphingomonadaceae","Blastomonas"
"ASV_195","ASV_195","Bacteria","Proteobacteria","Alphaproteobacteria","Rhizobiales","Methylobacteriaceae","Methylobacterium"
"ASV_201","ASV_201","Bacteria","Proteobacteria","Alphaproteobacteria","Rhizobiales",NA,NA
"ASV_207","ASV_207","Bacteria","Actinobacteria","Actinobacteria","Micrococcales","Micrococcaceae","Arthrobacter"
"ASV_209","ASV_209","Bacteria","Bacteroidetes",NA,NA,NA,NA
"ASV_214","ASV_214","Bacteria","Proteobacteria","Alphaproteobacteria","Rhizobiales",NA,NA
"ASV_217","ASV_217","Bacteria","Proteobacteria",NA,NA,NA,NA
"ASV_222","ASV_222","Bacteria","Proteobacteria","Alphaproteobacteria","Sphingomonadales","Sphingomonadaceae","Sphingomonas"
"ASV_233","ASV_233","Bacteria","Acidobacteria","Acidobacteria_Gp1","Granulicella",NA,NA
"ASV_248","ASV_248","Bacteria","Actinobacteria","Actinobacteria","Micrococcales","Microbacteriaceae",NA
"ASV_249","ASV_249","Bacteria","Proteobacteria","Alphaproteobacteria","Rhodospirillales","Acetobacteraceae","Acidisoma"
"ASV_257","ASV_257","Bacteria","Acidobacteria","Acidobacteria_Gp1","Edaphobacter",NA,NA
"ASV_263","ASV_263","Bacteria","Bacteroidetes","Cytophagia","Cytophagales","Hymenobacteraceae","Hymenobacter"
"ASV_277","ASV_277","Bacteria","Actinobacteria","Actinobacteria","Pseudonocardiales","Pseudonocardiaceae","Actinomycetospora"
"ASV_280","ASV_280","Bacteria","Acidobacteria","Acidobacteria_Gp1","Terriglobus",NA,NA
"ASV_290","ASV_290","Bacteria","Firmicutes","Bacilli","Bacillales","Planococcaceae","Sporosarcina"
"ASV_297","ASV_297","Bacteria","Firmicutes","Bacilli","Bacillales","Bacillaceae_1",NA
"ASV_303","ASV_303","Bacteria","Firmicutes","Clostridia","Clostridiales","Peptostreptococcaceae","Paeniclostridium"
"ASV_311","ASV_311","Bacteria","Proteobacteria","Alphaproteobacteria","Sphingomonadales","Sphingomonadaceae","Sphingomonas"
"ASV_315","ASV_315","Bacteria","Actinobacteria","Actinobacteria","Micrococcales","Microbacteriaceae","Amnibacterium"
"ASV_319","ASV_319","Bacteria","Bacteroidetes","Cytophagia","Cytophagales","Hymenobacteraceae","Hymenobacter"
"ASV_321","ASV_321","Bacteria","Actinobacteria","Actinobacteria","Micrococcales","Intrasporangiaceae","Janibacter"
"ASV_329","ASV_329","Bacteria","Bacteroidetes","Cytophagia","Cytophagales","Hymenobacteraceae","Hymenobacter"
"ASV_331","ASV_331","Bacteria","Bacteroidetes","Cytophagia","Cytophagales","Hymenobacteraceae","Hymenobacter"
"ASV_341","ASV_341","Bacteria","Proteobacteria","Alphaproteobacteria","Sphingomonadales","Sphingomonadaceae","Sphingomonas"
"ASV_355","ASV_355","Bacteria","Proteobacteria","Alphaproteobacteria","Rhizobiales","Beijerinckiaceae","Beijerinckia"
"ASV_358","ASV_358","Bacteria","Bacteroidetes","Cytophagia","Cytophagales","Hymenobacteraceae","Hymenobacter"
"ASV_365","ASV_365","Bacteria","Proteobacteria","Alphaproteobacteria","Rhodospirillales","Acetobacteraceae","Acidisoma"
"ASV_369","ASV_369","Bacteria","Proteobacteria","Alphaproteobacteria","Rhodospirillales","Acetobacteraceae",NA
"ASV_371","ASV_371","Bacteria","Proteobacteria","Alphaproteobacteria","Rhodospirillales","Acetobacteraceae",NA
"ASV_372","ASV_372","Bacteria","Proteobacteria","Alphaproteobacteria",NA,NA,NA
"ASV_374","ASV_374","Bacteria","Firmicutes","Bacilli","Bacillales","Bacillaceae_1","Neobacillus"
"ASV_379","ASV_379","Bacteria","Acidobacteria","Acidobacteria_Gp1","Terriglobus",NA,NA
"ASV_382","ASV_382","Bacteria","Proteobacteria","Alphaproteobacteria","Sphingomonadales","Sphingomonadaceae","Sphingomonas"
"ASV_388","ASV_388","Bacteria","Firmicutes","Bacilli","Bacillales","Planococcaceae","Sporosarcina"
"ASV_392","ASV_392","Bacteria","Proteobacteria","Alphaproteobacteria","Sphingomonadales","Sphingomonadaceae","Sphingomonas"
"ASV_393","ASV_393","Bacteria","Bacteroidetes","Cytophagia","Cytophagales","Hymenobacteraceae","Hymenobacter"
"ASV_396","ASV_396","Bacteria","Firmicutes","Clostridia","Clostridiales","Peptostreptococcaceae","Clostridioides"
"ASV_405","ASV_405","Bacteria","Proteobacteria","Gammaproteobacteria","Pseudomonadales","Moraxellaceae","Acinetobacter"
"ASV_425","ASV_425","Bacteria","Bacteroidetes","Cytophagia","Cytophagales","Hymenobacteraceae","Hymenobacter"
"ASV_433","ASV_433","Bacteria","Proteobacteria",NA,NA,NA,NA
"ASV_440","ASV_440","Bacteria","Proteobacteria","Alphaproteobacteria","Rhizobiales","Methylobacteriaceae","Methylobacterium"
"ASV_452","ASV_452","Bacteria","Proteobacteria","Alphaproteobacteria",NA,NA,NA
"ASV_460","ASV_460","Bacteria","Actinobacteria","Actinobacteria","Micrococcales","Micrococcaceae","Pseudarthrobacter"
"ASV_462","ASV_462","Bacteria","Acidobacteria","Acidobacteria_Gp1","Granulicella",NA,NA
"ASV_469","ASV_469","Bacteria","Firmicutes","Bacilli","Bacillales","Planococcaceae","Lysinibacillus"
"ASV_472","ASV_472","Bacteria","Proteobacteria","Alphaproteobacteria","Rhizobiales","Methylobacteriaceae","Methylobacterium"
"ASV_485","ASV_485","Bacteria","Proteobacteria",NA,NA,NA,NA
"ASV_489","ASV_489","Bacteria","Proteobacteria","Betaproteobacteria","Burkholderiales","Oxalobacteraceae","Massilia"
"ASV_492","ASV_492","Bacteria","Abditibacteriota","Abditibacteria","Abditibacteriales","Abditibacteriaceae","Abditibacterium"
"ASV_494","ASV_494","Bacteria","Firmicutes","Bacilli","Bacillales","Planococcaceae","Sporosarcina"
"ASV_497","ASV_497","Bacteria","Actinobacteria","Actinobacteria","Micrococcales","Microbacteriaceae","Amnibacterium"
"ASV_506","ASV_506","Bacteria","Acidobacteria","Acidobacteria_Gp1","Granulicella",NA,NA
"ASV_508","ASV_508","Bacteria","Actinobacteria","Actinobacteria","Frankiales","Frankiaceae","Jatrophihabitans"
"ASV_518","ASV_518","Bacteria","Proteobacteria","Alphaproteobacteria","Rhodospirillales","Acetobacteraceae","Acidisoma"
"ASV_537","ASV_537","Bacteria","Firmicutes","Clostridia","Clostridiales","Peptostreptococcaceae","Romboutsia"
"ASV_544","ASV_544","Bacteria","Proteobacteria","Betaproteobacteria","Burkholderiales","Comamonadaceae","Rhizobacter"
"ASV_555","ASV_555","Bacteria","Actinobacteria","Actinobacteria","Micrococcales","Micrococcaceae","Paeniglutamicibacter"
"ASV_557","ASV_557","Bacteria","Actinobacteria","Actinobacteria",NA,NA,NA
"ASV_562","ASV_562","Bacteria","Firmicutes","Erysipelotrichia","Erysipelotrichales","Erysipelotrichaceae","Turicibacter"
"ASV_563","ASV_563","Bacteria","Proteobacteria","Alphaproteobacteria","Rhizobiales",NA,NA
"ASV_564","ASV_564","Bacteria","Bacteroidetes","Cytophagia","Cytophagales","Hymenobacteraceae","Hymenobacter"
"ASV_565","ASV_565","Bacteria","Proteobacteria","Alphaproteobacteria","Rhizobiales",NA,NA
"ASV_566","ASV_566","Bacteria","Proteobacteria","Alphaproteobacteria","Sphingomonadales","Sphingomonadaceae","Sphingomonas"
"ASV_568","ASV_568","Bacteria","Actinobacteria","Actinobacteria","Micrococcales","Microbacteriaceae","Clavibacter"
"ASV_576","ASV_576","Bacteria","Proteobacteria","Alphaproteobacteria","Sphingomonadales","Sphingomonadaceae","Sphingomonas"
"ASV_578","ASV_578","Bacteria","Proteobacteria","Gammaproteobacteria","Pseudomonadales","Pseudomonadaceae","Pseudomonas"
"ASV_587","ASV_587","Bacteria","Proteobacteria","Alphaproteobacteria","Caulobacterales","Caulobacteraceae","Brevundimonas"
"ASV_592","ASV_592","Bacteria","Armatimonadetes","Armatimonadia","Armatimonadales","Armatimonadaceae","Armatimonas/Armatimonadetes_gp1"
"ASV_611","ASV_611","Bacteria","Actinobacteria","Actinobacteria","Propionibacteriales","Nocardioidaceae","Nocardioides"
"ASV_617","ASV_617","Bacteria","Proteobacteria","Alphaproteobacteria","Rhizobiales",NA,NA
"ASV_626","ASV_626","Bacteria","Proteobacteria","Alphaproteobacteria","Sphingomonadales","Sphingomonadaceae","Sphingomonas"
"ASV_639","ASV_639","Bacteria","Actinobacteria","Actinobacteria","Micrococcales","Micrococcaceae","Arthrobacter"
"ASV_649","ASV_649","Bacteria","Actinobacteria","Actinobacteria","Frankiales","Frankiaceae","Jatrophihabitans"
"ASV_650","ASV_650","Bacteria","Acidobacteria","Acidobacteria_Gp1","Granulicella",NA,NA
"ASV_652","ASV_652","Bacteria","Bacteroidetes","Sphingobacteriia","Sphingobacteriales","Sphingobacteriaceae","Mucilaginibacter"
"ASV_664","ASV_664","Bacteria","Bacteroidetes","Sphingobacteriia","Sphingobacteriales","Sphingobacteriaceae","Mucilaginibacter"
"ASV_665","ASV_665","Bacteria","Firmicutes","Bacilli","Bacillales","Planococcaceae","Solibacillus"
"ASV_668","ASV_668","Bacteria","Actinobacteria","Actinobacteria","Micrococcales","Microbacteriaceae","Subtercola"
"ASV_675","ASV_675","Bacteria","Bacteroidetes","Cytophagia","Cytophagales","Hymenobacteraceae","Hymenobacter"
"ASV_678","ASV_678","Bacteria","Bacteroidetes","Cytophagia","Cytophagales","Hymenobacteraceae","Hymenobacter"
"ASV_689","ASV_689","Bacteria","Acidobacteria","Acidobacteria_Gp1","Granulicella",NA,NA
"ASV_697","ASV_697","Bacteria","Bacteroidetes","Cytophagia","Cytophagales","Hymenobacteraceae","Hymenobacter"
"ASV_706","ASV_706","Bacteria","Firmicutes","Bacilli","Bacillales","Planococcaceae","Sporosarcina"
"ASV_709","ASV_709","Bacteria","Actinobacteria","Actinobacteria","Propionibacteriales","Nocardioidaceae","Marmoricola"
"ASV_711","ASV_711","Bacteria","Bacteroidetes","Cytophagia","Cytophagales","Hymenobacteraceae","Hymenobacter"
"ASV_715","ASV_715","Bacteria","Firmicutes","Bacilli","Bacillales","Planococcaceae","Planococcus"
"ASV_716","ASV_716","Bacteria","Proteobacteria","Gammaproteobacteria","Pseudomonadales","Pseudomonadaceae","Pseudomonas"
"ASV_717","ASV_717","Bacteria","Proteobacteria","Gammaproteobacteria","Legionellales","Coxiellaceae","Diplorickettsia"
"ASV_718","ASV_718","Bacteria","Proteobacteria",NA,NA,NA,NA
"ASV_719","ASV_719","Bacteria","Bacteroidetes","Sphingobacteriia","Sphingobacteriales","Sphingobacteriaceae",NA
"ASV_721","ASV_721","Bacteria","Proteobacteria","Betaproteobacteria","Burkholderiales",NA,NA
"ASV_723","ASV_723","Bacteria","Proteobacteria","Alphaproteobacteria","Rhodospirillales","Acetobacteraceae","Roseomonas"
"ASV_726","ASV_726","Bacteria","Proteobacteria","Alphaproteobacteria","Sphingomonadales","Sphingomonadaceae","Rhizorhabdus"
"ASV_733","ASV_733","Bacteria","Proteobacteria","Alphaproteobacteria","Rhodospirillales","Acetobacteraceae",NA
"ASV_740","ASV_740","Bacteria","Bacteroidetes","Sphingobacteriia","Sphingobacteriales","Sphingobacteriaceae","Arcticibacter"
"ASV_741","ASV_741","Bacteria","Bacteroidetes","Chitinophagia","Chitinophagales","Chitinophagaceae",NA
"ASV_752","ASV_752","Bacteria","Proteobacteria","Alphaproteobacteria","Rhodospirillales","Acetobacteraceae",NA
"ASV_764","ASV_764","Bacteria","Bacteroidetes","Sphingobacteriia","Sphingobacteriales","Sphingobacteriaceae","Pedobacter"
"ASV_765","ASV_765","Bacteria","Acidobacteria","Acidobacteria_Gp1","Granulicella",NA,NA
"ASV_775","ASV_775","Bacteria","Proteobacteria","Alphaproteobacteria","Rhodobacterales","Rhodobacteraceae","Paracoccus"
"ASV_777","ASV_777","Bacteria","Firmicutes","Bacilli","Bacillales","Planococcaceae","Psychrobacillus"
"ASV_778","ASV_778","Bacteria","Proteobacteria","Alphaproteobacteria","Rhizobiales",NA,NA
"ASV_779","ASV_779","Bacteria","Bacteroidetes","Cytophagia","Cytophagales","Hymenobacteraceae","Hymenobacter"
"ASV_783","ASV_783","Bacteria","Armatimonadetes","Armatimonadia","Armatimonadales","Armatimonadaceae","Armatimonas/Armatimonadetes_gp1"
"ASV_788","ASV_788","Bacteria","Bacteroidetes","Chitinophagia","Chitinophagales","Chitinophagaceae","Ilyomonas"
"ASV_791","ASV_791","Bacteria","Proteobacteria","Gammaproteobacteria",NA,NA,NA
"ASV_792","ASV_792","Bacteria","Proteobacteria","Alphaproteobacteria","Rhizobiales",NA,NA
"ASV_794","ASV_794","Bacteria","Proteobacteria",NA,NA,NA,NA
"ASV_798","ASV_798","Bacteria","Proteobacteria","Alphaproteobacteria","Rhodospirillales","Acetobacteraceae","Rhodovastum"
"ASV_799","ASV_799","Bacteria","Proteobacteria","Alphaproteobacteria","Rhodospirillales","Acetobacteraceae",NA
"ASV_805","ASV_805","Bacteria","Proteobacteria","Betaproteobacteria","Burkholderiales","Burkholderiaceae","Caballeronia"
"ASV_806","ASV_806","Bacteria","Proteobacteria",NA,NA,NA,NA
"ASV_807","ASV_807","Bacteria","Bacteroidetes","Cytophagia","Cytophagales","Hymenobacteraceae","Hymenobacter"
"ASV_809","ASV_809","Bacteria","Acidobacteria","Acidobacteria_Gp1",NA,NA,NA
"ASV_814","ASV_814","Bacteria","Acidobacteria","Acidobacteria_Gp1","Granulicella",NA,NA
"ASV_821","ASV_821","Bacteria","Proteobacteria","Alphaproteobacteria","Sphingomonadales","Sphingosinicellaceae","Sphingoaurantiacus"
"ASV_830","ASV_830","Bacteria","Proteobacteria","Alphaproteobacteria","Sphingomonadales","Sphingomonadaceae","Sphingomonas"
"ASV_842","ASV_842","Bacteria","Proteobacteria","Alphaproteobacteria","Sphingomonadales","Erythrobacteraceae","Novosphingobium"
"ASV_843","ASV_843","Bacteria","Bacteroidetes","Sphingobacteriia","Sphingobacteriales","Sphingobacteriaceae","Mucilaginibacter"
"ASV_844","ASV_844","Bacteria","Proteobacteria",NA,NA,NA,NA
"ASV_847","ASV_847","Bacteria","Bacteroidetes","Cytophagia","Cytophagales","Cytophagaceae","Spirosoma"
"ASV_848","ASV_848","Bacteria","Proteobacteria","Alphaproteobacteria","Rhodospirillales","Acetobacteraceae",NA
"ASV_849","ASV_849","Bacteria","Bacteroidetes","Cytophagia","Cytophagales","Hymenobacteraceae","Hymenobacter"
"ASV_851","ASV_851","Bacteria","Proteobacteria","Alphaproteobacteria","Sphingomonadales","Sphingomonadaceae","Sphingomonas"
"ASV_854","ASV_854","Bacteria","Proteobacteria","Alphaproteobacteria","Rhodospirillales","Acetobacteraceae","Acidisoma"
"ASV_866","ASV_866","Bacteria","Bacteroidetes","Chitinophagia","Chitinophagales","Chitinophagaceae",NA
"ASV_870","ASV_870","Bacteria","Actinobacteria","Actinobacteria","Propionibacteriales","Nocardioidaceae","Marmoricola"
"ASV_876","ASV_876","Bacteria","Proteobacteria","Alphaproteobacteria","Rhizobiales","Beijerinckiaceae",NA
"ASV_877","ASV_877","Bacteria","Firmicutes","Bacilli","Bacillales","Planococcaceae",NA
"ASV_878","ASV_878","Bacteria","Proteobacteria","Alphaproteobacteria","Rhodospirillales","Acetobacteraceae","Acidisoma"
"ASV_885","ASV_885","Bacteria","Acidobacteria","Blastocatellia","Blastocatellales","Blastocatellaceae","Blastocatella"
"ASV_887","ASV_887","Bacteria","Firmicutes","Bacilli","Bacillales","Planococcaceae","Planococcus"
"ASV_892","ASV_892","Bacteria","Actinobacteria","Actinobacteria","Geodermatophilales","Geodermatophilaceae","Blastococcus"
"ASV_902","ASV_902","Bacteria","Proteobacteria","Alphaproteobacteria","Rhodospirillales","Acetobacteraceae",NA
"ASV_903","ASV_903","Bacteria","Acidobacteria","Acidobacteria_Gp1","Granulicella",NA,NA
"ASV_909","ASV_909","Bacteria","Bacteroidetes","Cytophagia","Cytophagales","Cytophagaceae","Dyadobacter"
"ASV_910","ASV_910","Bacteria","Firmicutes","Bacilli","Bacillales","Bacillaceae_2",NA
"ASV_911","ASV_911","Bacteria","Firmicutes","Clostridia","Clostridiales","Clostridiaceae_1","Clostridium_sensu_stricto"
"ASV_914","ASV_914","Bacteria","Proteobacteria","Betaproteobacteria","Burkholderiales","Oxalobacteraceae","Collimonas"
"ASV_916","ASV_916","Bacteria","Actinobacteria","Actinobacteria","Micrococcales","Cellulomonadaceae","Cellulomonas"
"ASV_920","ASV_920","Bacteria","Actinobacteria","Actinobacteria","Micrococcales","Micrococcaceae","Glutamicibacter"
"ASV_923","ASV_923","Bacteria","Actinobacteria","Thermoleophilia","Solirubrobacterales","Patulibacteraceae","Patulibacter"
"ASV_924","ASV_924","Bacteria","Actinobacteria","Thermoleophilia","Solirubrobacterales",NA,NA
"ASV_926","ASV_926","Bacteria","Proteobacteria","Alphaproteobacteria","Sphingomonadales","Sphingomonadaceae","Sphingomonas"
"ASV_935","ASV_935","Bacteria","Bacteroidetes","Cytophagia","Cytophagales","Hymenobacteraceae","Hymenobacter"
"ASV_939","ASV_939","Bacteria","Actinobacteria","Actinobacteria","Micrococcales","Micrococcaceae","Paenarthrobacter"
"ASV_940","ASV_940","Bacteria","Bacteroidetes","Cytophagia","Cytophagales","Hymenobacteraceae","Hymenobacter"
"ASV_941","ASV_941","Bacteria","Bacteroidetes","Cytophagia","Cytophagales","Hymenobacteraceae","Hymenobacter"
"ASV_943","ASV_943","Bacteria","Bacteroidetes","Cytophagia","Cytophagales","Hymenobacteraceae","Hymenobacter"
"ASV_947","ASV_947","Bacteria","Proteobacteria","Alphaproteobacteria","Rhodospirillales","Acetobacteraceae","Acidisoma"
"ASV_950","ASV_950","Bacteria","Proteobacteria","Alphaproteobacteria","Rhodospirillales","Acetobacteraceae","Acidisoma"
"ASV_953","ASV_953","Bacteria","Proteobacteria","Gammaproteobacteria","Enterobacterales","Erwiniaceae",NA
"ASV_954","ASV_954","Bacteria","Actinobacteria","Actinobacteria",NA,NA,NA
"ASV_955","ASV_955","Bacteria","Actinobacteria","Actinobacteria","Micrococcales","Intrasporangiaceae","Janibacter"
"ASV_959","ASV_959","Bacteria","Proteobacteria","Alphaproteobacteria","Caulobacterales","Caulobacteraceae","Brevundimonas"
"ASV_960","ASV_960","Bacteria","Actinobacteria","Actinobacteria","Micrococcales","Intrasporangiaceae","Intrasporangium"
"ASV_962","ASV_962","Bacteria","Proteobacteria","Alphaproteobacteria","Rhizobiales","Rhizobiaceae","Neorhizobium"
"ASV_966","ASV_966","Bacteria","Bacteroidetes","Cytophagia","Cytophagales","Hymenobacteraceae","Hymenobacter"
"ASV_970","ASV_970","Bacteria","Actinobacteria","Actinobacteria","Mycobacteriales","Nocardiaceae","Rhodococcus"
"ASV_972","ASV_972","Bacteria","Proteobacteria","Betaproteobacteria","Burkholderiales","Comamonadaceae","Piscinibacter"
"ASV_976","ASV_976","Bacteria","Actinobacteria","Actinobacteria","Micrococcales","Microbacteriaceae","Cryobacterium"
"ASV_978","ASV_978","Bacteria","Proteobacteria",NA,NA,NA,NA
"ASV_980","ASV_980","Bacteria","Proteobacteria","Gammaproteobacteria","Pseudomonadales","Pseudomonadaceae","Pseudomonas"
"ASV_992","ASV_992","Bacteria","Proteobacteria","Alphaproteobacteria","Sphingomonadales","Sphingomonadaceae","Sphingomonas"
"ASV_993","ASV_993","Bacteria","Actinobacteria","Thermoleophilia","Solirubrobacterales","Conexibacteraceae","Conexibacter"
"ASV_1002","ASV_1002","Bacteria","Actinobacteria","Actinobacteria","Micrococcales","Intrasporangiaceae",NA
"ASV_1004","ASV_1004","Bacteria","Acidobacteria","Acidobacteria_Gp1","Edaphobacter",NA,NA
"ASV_1014","ASV_1014","Bacteria","Acidobacteria","Acidobacteria_Gp1",NA,NA,NA
"ASV_1015","ASV_1015","Bacteria","Bacteroidetes","Cytophagia","Cytophagales","Cytophagaceae","Spirosoma"
"ASV_1016","ASV_1016","Bacteria","Proteobacteria","Alphaproteobacteria","Sphingomonadales","Sphingomonadaceae","Sphingomonas"
"ASV_1021","ASV_1021","Bacteria","Proteobacteria","Gammaproteobacteria","Xanthomonadales","Rhodanobacteraceae","Dyella"
"ASV_1022","ASV_1022","Bacteria","Firmicutes","Bacilli","Bacillales","Planococcaceae","Lysinibacillus"
"ASV_1024","ASV_1024","Bacteria","Bacteroidetes","Cytophagia","Cytophagales","Hymenobacteraceae","Hymenobacter"
"ASV_1038","ASV_1038","Bacteria","Acidobacteria","Acidobacteria_Gp1","Granulicella",NA,NA
"ASV_1039","ASV_1039","Bacteria","Proteobacteria","Alphaproteobacteria","Sphingomonadales","Sphingomonadaceae","Sphingomonas"
"ASV_1045","ASV_1045","Bacteria","Proteobacteria","Alphaproteobacteria","Sphingomonadales","Sphingomonadaceae","Sphingomonas"
"ASV_1046","ASV_1046","Bacteria","Proteobacteria","Betaproteobacteria","Burkholderiales","Oxalobacteraceae",NA
"ASV_1048","ASV_1048","Bacteria","Bacteroidetes","Chitinophagia","Chitinophagales","Chitinophagaceae",NA
"ASV_1055","ASV_1055","Bacteria","Proteobacteria","Gammaproteobacteria","Xanthomonadales","Rhodanobacteraceae","Rhodanobacter"
"ASV_1056","ASV_1056","Bacteria","Firmicutes","Bacilli","Bacillales","Planococcaceae",NA
"ASV_1069","ASV_1069","Bacteria","Proteobacteria","Betaproteobacteria","Burkholderiales","Comamonadaceae","Aquabacterium"
"ASV_1070","ASV_1070","Bacteria","Actinobacteria","Actinobacteria","Propionibacteriales","Nocardioidaceae","Marmoricola"
"ASV_1076","ASV_1076","Bacteria","Proteobacteria","Alphaproteobacteria","Rhodospirillales","Acetobacteraceae","Acidisoma"
"ASV_1077","ASV_1077","Bacteria","Proteobacteria","Alphaproteobacteria","Rhizobiales","Methylocystaceae","Methylopila"
"ASV_1078","ASV_1078","Bacteria","Actinobacteria","Thermoleophilia","Solirubrobacterales","Parviterribacteraceae","Parviterribacter"
"ASV_1080","ASV_1080","Bacteria","Proteobacteria","Alphaproteobacteria","Caulobacterales","Caulobacteraceae","Phenylobacterium"
"ASV_1081","ASV_1081","Bacteria","Proteobacteria","Alphaproteobacteria","Rhizobiales",NA,NA
"ASV_1092","ASV_1092","Bacteria","Proteobacteria","Betaproteobacteria","Burkholderiales","Comamonadaceae","Rhizobacter"
"ASV_1094","ASV_1094","Bacteria","Firmicutes","Bacilli","Bacillales","Planococcaceae","Psychrobacillus"
"ASV_1098","ASV_1098","Bacteria","Bacteroidetes","Cytophagia","Cytophagales","Hymenobacteraceae","Hymenobacter"
"ASV_1111","ASV_1111","Bacteria","Actinobacteria","Actinobacteria","Propionibacteriales","Nocardioidaceae","Nocardioides"
"ASV_1119","ASV_1119","Bacteria","Actinobacteria","Actinobacteria","Pseudonocardiales","Pseudonocardiaceae","Actinomycetospora"
"ASV_1120","ASV_1120","Bacteria","Actinobacteria","Actinobacteria","Micrococcales","Intrasporangiaceae",NA
"ASV_1127","ASV_1127","Bacteria","Actinobacteria","Actinobacteria","Mycobacteriales","Nocardiaceae","Rhodococcus"
"ASV_1132","ASV_1132","Bacteria","Acidobacteria","Acidobacteria_Gp1","Granulicella",NA,NA
"ASV_1133","ASV_1133","Bacteria","Bacteroidetes","Sphingobacteriia","Sphingobacteriales","Sphingobacteriaceae","Pedobacter"
"ASV_1140","ASV_1140","Bacteria","Proteobacteria",NA,NA,NA,NA
"ASV_1141","ASV_1141","Bacteria","Actinobacteria","Thermoleophilia","Solirubrobacterales",NA,NA
"ASV_1142","ASV_1142","Bacteria","Actinobacteria","Actinobacteria","Mycobacteriales","Corynebacteriaceae","Corynebacterium"
"ASV_1143","ASV_1143","Bacteria","Actinobacteria","Actinobacteria","Kineosporiales","Kineosporiaceae","Kineococcus"
"ASV_1144","ASV_1144","Bacteria","Abditibacteriota","Abditibacteria","Abditibacteriales","Abditibacteriaceae","Abditibacterium"
"ASV_1158","ASV_1158","Bacteria","Proteobacteria","Alphaproteobacteria","Rhodospirillales","Acetobacteraceae",NA
"ASV_1163","ASV_1163","Bacteria","Proteobacteria","Alphaproteobacteria","Rhodospirillales","Acetobacteraceae","Belnapia"
"ASV_1164","ASV_1164","Bacteria","Firmicutes","Bacilli","Bacillales","Bacillaceae_2","Oceanobacillus"
"ASV_1180","ASV_1180","Bacteria","Proteobacteria","Alphaproteobacteria","Rhizobiales","Beijerinckiaceae",NA
"ASV_1189","ASV_1189","Bacteria","Acidobacteria","Acidobacteria_Gp1",NA,NA,NA
"ASV_1190","ASV_1190","Bacteria","Acidobacteria","Acidobacteria_Gp1","Granulicella",NA,NA
"ASV_1202","ASV_1202","Bacteria","Proteobacteria","Alphaproteobacteria","Rhizobiales",NA,NA
"ASV_1208","ASV_1208","Bacteria","Proteobacteria","Alphaproteobacteria","Rhizobiales","Beijerinckiaceae",NA
"ASV_1209","ASV_1209","Bacteria","Firmicutes","Clostridia","Clostridiales","Ruminococcaceae",NA
"ASV_1211","ASV_1211","Bacteria","Firmicutes","Bacilli","Bacillales","Bacillaceae_1","Geobacillus"
"ASV_1213","ASV_1213","Bacteria","Proteobacteria","Alphaproteobacteria","Rhodospirillales","Acetobacteraceae","Dankookia"
"ASV_1215","ASV_1215","Bacteria","Proteobacteria","Alphaproteobacteria",NA,NA,NA
"ASV_1217","ASV_1217","Bacteria","Bacteroidetes","Cytophagia","Cytophagales","Hymenobacteraceae","Hymenobacter"
"ASV_1218","ASV_1218","Bacteria","Bacteroidetes","Cytophagia","Cytophagales","Hymenobacteraceae","Hymenobacter"
"ASV_1219","ASV_1219","Bacteria","Actinobacteria","Actinobacteria","Propionibacteriales","Nocardioidaceae","Nocardioides"
"ASV_1220","ASV_1220","Bacteria","Proteobacteria","Alphaproteobacteria","Rhizobiales",NA,NA
"ASV_1231","ASV_1231","Bacteria","Proteobacteria","Alphaproteobacteria","Rhodospirillales","Acetobacteraceae",NA
"ASV_1236","ASV_1236","Bacteria","Bacteroidetes","Cytophagia","Cytophagales","Hymenobacteraceae","Hymenobacter"
"ASV_1245","ASV_1245","Bacteria","Proteobacteria","Alphaproteobacteria","Rhizobiales",NA,NA
"ASV_1246","ASV_1246","Bacteria","Armatimonadetes","Armatimonadia","Armatimonadales","Armatimonadaceae","Armatimonas/Armatimonadetes_gp1"
"ASV_1259","ASV_1259","Bacteria","Proteobacteria","Alphaproteobacteria","Sphingomonadales","Sphingomonadaceae","Sphingomonas"
"ASV_1262","ASV_1262","Bacteria","Proteobacteria","Alphaproteobacteria","Sphingomonadales","Erythrobacteraceae","Novosphingobium"
"ASV_1265","ASV_1265","Bacteria","Proteobacteria","Alphaproteobacteria","Rhizobiales","Methylobacteriaceae","Microvirga"
"ASV_1266","ASV_1266","Bacteria","Actinobacteria","Actinobacteria","Mycobacteriales","Dietziaceae","Dietzia"
"ASV_1269","ASV_1269","Bacteria","Verrucomicrobia",NA,NA,NA,NA
"ASV_1270","ASV_1270","Bacteria","Proteobacteria","Alphaproteobacteria","Sphingomonadales","Sphingosinicellaceae","Polymorphobacter"
"ASV_1282","ASV_1282","Bacteria","Actinobacteria","Actinobacteria","Micrococcales","Micrococcaceae","Arthrobacter"
"ASV_1283","ASV_1283","Bacteria","Bacteroidetes","Cytophagia","Cytophagales","Hymenobacteraceae","Hymenobacter"
"ASV_1284","ASV_1284","Bacteria","Proteobacteria","Alphaproteobacteria","Sphingomonadales","Sphingomonadaceae","Sphingomonas"
"ASV_1291","ASV_1291","Bacteria","Bacteroidetes","Cytophagia","Cytophagales","Hymenobacteraceae","Hymenobacter"
"ASV_1292","ASV_1292","Bacteria","Proteobacteria","Gammaproteobacteria",NA,NA,NA
"ASV_1293","ASV_1293","Bacteria","Actinobacteria","Actinobacteria","Frankiales","Frankiaceae","Frankia"
"ASV_1294","ASV_1294","Bacteria","Abditibacteriota","Abditibacteria","Abditibacteriales","Abditibacteriaceae","Abditibacterium"
"ASV_1306","ASV_1306","Bacteria","Proteobacteria","Alphaproteobacteria","Rhodospirillales","Acetobacteraceae","Acidisphaera"
"ASV_1307","ASV_1307","Bacteria","Bacteroidetes","Flavobacteriia","Flavobacteriales","Weeksellaceae","Chryseobacterium"
"ASV_1312","ASV_1312","Bacteria","Bacteroidetes","Chitinophagia","Chitinophagales","Chitinophagaceae",NA
"ASV_1318","ASV_1318","Bacteria","Proteobacteria","Alphaproteobacteria","Rhizobiales","Rhizobiaceae","Rhizobium"
"ASV_1319","ASV_1319","Bacteria","Proteobacteria","Alphaproteobacteria","Rhizobiales","Devosiaceae","Devosia"
"ASV_1320","ASV_1320","Bacteria","Proteobacteria","Alphaproteobacteria","Sphingomonadales","Erythrobacteraceae","Altererythrobacter"
"ASV_1321","ASV_1321","Bacteria","Actinobacteria","Actinobacteria","Nakamurellales","Nakamurellaceae","Nakamurella"
"ASV_1324","ASV_1324","Bacteria","Abditibacteriota","Abditibacteria","Abditibacteriales","Abditibacteriaceae","Abditibacterium"
"ASV_1325","ASV_1325","Bacteria","Bacteroidetes","Cytophagia","Cytophagales","Hymenobacteraceae","Hymenobacter"
"ASV_1326","ASV_1326","Bacteria","Actinobacteria","Actinobacteria","Frankiales","Frankiaceae","Jatrophihabitans"
"ASV_1338","ASV_1338","Bacteria","Bacteroidetes","Cytophagia","Cytophagales","Hymenobacteraceae","Hymenobacter"
"ASV_1339","ASV_1339","Bacteria","Actinobacteria","Actinobacteria","Micrococcales","Microbacteriaceae",NA
"ASV_1344","ASV_1344","Bacteria","Proteobacteria","Alphaproteobacteria","Rhizobiales","Methylobacteriaceae","Methylobacterium"
"ASV_1345","ASV_1345","Bacteria","Acidobacteria","Acidobacteria_Gp1","Granulicella",NA,NA
"ASV_1346","ASV_1346","Bacteria","Actinobacteria","Actinobacteria","Micrococcales","Micrococcaceae","Kocuria"
"ASV_1348","ASV_1348","Bacteria","Proteobacteria","Alphaproteobacteria",NA,NA,NA
"ASV_1349","ASV_1349","Bacteria","Bacteroidetes","Cytophagia","Cytophagales","Hymenobacteraceae","Hymenobacter"
"ASV_1360","ASV_1360","Bacteria","Bacteroidetes","Chitinophagia","Chitinophagales","Chitinophagaceae",NA
"ASV_1361","ASV_1361","Bacteria","Firmicutes","Bacilli","Bacillales","Paenibacillaceae_1","Paenibacillus"
"ASV_1363","ASV_1363","Bacteria","Proteobacteria","Alphaproteobacteria","Rhizobiales","Bradyrhizobiaceae",NA
"ASV_1364","ASV_1364","Bacteria","Actinobacteria","Actinobacteria","Nakamurellales","Nakamurellaceae","Nakamurella"
"ASV_1373","ASV_1373","Bacteria","Proteobacteria","Alphaproteobacteria","Caulobacterales","Caulobacteraceae","Brevundimonas"
"ASV_1378","ASV_1378","Bacteria","Armatimonadetes","Armatimonadia","Armatimonadales","Armatimonadaceae","Armatimonas/Armatimonadetes_gp1"
"ASV_1379","ASV_1379","Bacteria","Firmicutes","Clostridia","Clostridiales","Clostridiaceae_1","Clostridium_sensu_stricto"
"ASV_1385","ASV_1385","Bacteria","Bacteroidetes","Cytophagia","Cytophagales","Hymenobacteraceae","Hymenobacter"
"ASV_1387","ASV_1387","Bacteria","Proteobacteria","Alphaproteobacteria","Rhizobiales",NA,NA
"ASV_1390","ASV_1390","Bacteria","Proteobacteria","Alphaproteobacteria","Rhizobiales","Methylocystaceae","Methylosinus"
"ASV_1391","ASV_1391","Bacteria","Bacteroidetes","Cytophagia","Cytophagales","Hymenobacteraceae","Hymenobacter"
"ASV_1392","ASV_1392","Bacteria","Actinobacteria","Actinobacteria","Micrococcales","Micrococcaceae","Glutamicibacter"
"ASV_1393","ASV_1393","Bacteria","Actinobacteria","Actinobacteria","Geodermatophilales","Geodermatophilaceae","Blastococcus"
"ASV_1395","ASV_1395","Bacteria","Acidobacteria","Acidobacteria_Gp1",NA,NA,NA
"ASV_1397","ASV_1397","Bacteria","Bacteroidetes","Chitinophagia","Chitinophagales","Chitinophagaceae","Sediminibacterium"
"ASV_1403","ASV_1403","Bacteria","Bacteroidetes","Sphingobacteriia","Sphingobacteriales","Sphingobacteriaceae","Pedobacter"
"ASV_1406","ASV_1406","Bacteria","Bacteroidetes","Cytophagia","Cytophagales","Hymenobacteraceae","Hymenobacter"
"ASV_1411","ASV_1411","Bacteria","Bacteroidetes","Chitinophagia","Chitinophagales","Chitinophagaceae","Segetibacter"
"ASV_1412","ASV_1412","Bacteria","Actinobacteria","Actinobacteria","Frankiales","Frankiaceae","Jatrophihabitans"
"ASV_1417","ASV_1417","Bacteria","Acidobacteria","Acidobacteria_Gp1",NA,NA,NA
"ASV_1431","ASV_1431","Bacteria","Proteobacteria","Alphaproteobacteria",NA,NA,NA
"ASV_1432","ASV_1432","Bacteria","Bacteroidetes","Chitinophagia","Chitinophagales","Chitinophagaceae",NA
"ASV_1441","ASV_1441","Bacteria","Bacteroidetes","Cytophagia","Cytophagales","Hymenobacteraceae","Hymenobacter"
"ASV_1442","ASV_1442","Bacteria","Actinobacteria","Actinobacteria","Micrococcales","Microbacteriaceae","Rathayibacter"
"ASV_1450","ASV_1450","Bacteria","Bacteroidetes","Chitinophagia","Chitinophagales","Chitinophagaceae","Ilyomonas"
"ASV_1452","ASV_1452","Bacteria","Proteobacteria","Alphaproteobacteria",NA,NA,NA
"ASV_1461","ASV_1461","Bacteria","Proteobacteria","Alphaproteobacteria","Sphingomonadales","Erythrobacteraceae","Novosphingobium"
"ASV_1462","ASV_1462","Bacteria","Bacteroidetes","Chitinophagia","Chitinophagales","Chitinophagaceae","Segetibacter"
"ASV_1463","ASV_1463","Bacteria","Bacteroidetes","Cytophagia","Cytophagales","Cytophagaceae","Dyadobacter"
"ASV_1464","ASV_1464","Bacteria","Actinobacteria","Actinobacteria","Propionibacteriales","Nocardioidaceae","Nocardioides"
"ASV_1465","ASV_1465","Bacteria","Firmicutes","Bacilli","Bacillales",NA,NA
"ASV_1471","ASV_1471","Bacteria","Proteobacteria","Alphaproteobacteria","Rhizobiales",NA,NA
"ASV_1472","ASV_1472","Bacteria","Proteobacteria","Alphaproteobacteria","Rhodospirillales","Acetobacteraceae",NA
"ASV_1474","ASV_1474","Bacteria","Bacteroidetes","Cytophagia","Cytophagales","Cytophagaceae","Spirosoma"
"ASV_1475","ASV_1475","Bacteria","Firmicutes","Bacilli","Bacillales","Bacillaceae_1","Anoxybacillus"
"ASV_1481","ASV_1481","Bacteria","Actinobacteria","Actinobacteria","Pseudonocardiales","Pseudonocardiaceae","Pseudonocardia"
"ASV_1486","ASV_1486","Bacteria","Proteobacteria","Alphaproteobacteria","Rhodospirillales","Acetobacteraceae",NA
"ASV_1497","ASV_1497","Bacteria","Proteobacteria","Deltaproteobacteria","Bdellovibrionales","Bdellovibrionaceae","Bdellovibrio"
"ASV_1499","ASV_1499","Bacteria","Actinobacteria","Thermoleophilia","Solirubrobacterales","Baekduiaceae","Baekduia"
"ASV_1500","ASV_1500","Bacteria","Actinobacteria","Actinobacteria","Propionibacteriales","Nocardioidaceae","Nocardioides"
"ASV_1501","ASV_1501","Bacteria","Actinobacteria","Actinobacteria","Propionibacteriales","Nocardioidaceae","Marmoricola"
"ASV_1502","ASV_1502","Bacteria","Proteobacteria","Gammaproteobacteria",NA,NA,NA
"ASV_1512","ASV_1512","Bacteria","Verrucomicrobia","Spartobacteria",NA,NA,NA
"ASV_1513","ASV_1513","Bacteria","Bacteroidetes","Sphingobacteriia","Sphingobacteriales","Sphingobacteriaceae","Mucilaginibacter"
"ASV_1514","ASV_1514","Bacteria","Proteobacteria","Alphaproteobacteria","Sphingomonadales","Sphingomonadaceae","Sphingomonas"
"ASV_1515","ASV_1515","Bacteria","Actinobacteria","Actinobacteria","Micromonosporales","Micromonosporaceae",NA
"ASV_1516","ASV_1516","Bacteria","Verrucomicrobia","Subdivision3",NA,NA,NA
"ASV_1517","ASV_1517","Bacteria","Proteobacteria","Alphaproteobacteria","Rhizobiales","Rhizobiaceae","Rhizobium"
"ASV_1518","ASV_1518","Bacteria","Bacteroidetes","Chitinophagia","Chitinophagales","Chitinophagaceae","Sediminibacterium"
"ASV_1519","ASV_1519","Bacteria","Bacteroidetes","Cytophagia","Cytophagales","Hymenobacteraceae","Hymenobacter"
"ASV_1520","ASV_1520","Bacteria","Actinobacteria","Actinobacteria","Streptosporangiales","Thermomonosporaceae","Actinoallomurus"
"ASV_1521","ASV_1521","Bacteria","Proteobacteria","Betaproteobacteria","Burkholderiales","Comamonadaceae","Piscinibacter"
"ASV_1522","ASV_1522","Bacteria","Proteobacteria","Betaproteobacteria","Burkholderiales",NA,NA
"ASV_1524","ASV_1524","Bacteria","Proteobacteria",NA,NA,NA,NA
"ASV_1525","ASV_1525","Bacteria","Proteobacteria","Alphaproteobacteria","Rhodospirillales","Acetobacteraceae",NA
"ASV_1526","ASV_1526","Bacteria","Actinobacteria","Actinobacteria","Frankiales","Frankiaceae","Jatrophihabitans"
"ASV_1527","ASV_1527","Bacteria","Actinobacteria","Actinobacteria","Pseudonocardiales","Pseudonocardiaceae","Actinomycetospora"
"ASV_1539","ASV_1539","Bacteria","Proteobacteria","Alphaproteobacteria","Sphingomonadales","Sphingomonadaceae","Blastomonas"
"ASV_1543","ASV_1543","Bacteria","Proteobacteria","Alphaproteobacteria","Rhodospirillales","Acetobacteraceae",NA
"ASV_1545","ASV_1545","Bacteria","Proteobacteria","Alphaproteobacteria","Rickettsiales","Rickettsiaceae","Rickettsia"
"ASV_1557","ASV_1557","Bacteria","Proteobacteria","Alphaproteobacteria","Rhodospirillales","Acetobacteraceae",NA
"ASV_1558","ASV_1558","Bacteria","Proteobacteria","Deltaproteobacteria","Myxococcales",NA,NA
"ASV_1559","ASV_1559","Bacteria","Actinobacteria","Actinobacteria","Micrococcales","Cellulomonadaceae","Cellulomonas"
"ASV_1560","ASV_1560","Bacteria","Firmicutes","Bacilli","Bacillales","Planococcaceae","Solibacillus"
"ASV_1561","ASV_1561","Bacteria","Proteobacteria","Alphaproteobacteria","Rhodospirillales","Acetobacteraceae","Acidisoma"
"ASV_1564","ASV_1564","Bacteria","Proteobacteria","Alphaproteobacteria","Sphingomonadales","Sphingomonadaceae","Rhizorhabdus"
"ASV_1568","ASV_1568","Bacteria","Bacteroidetes","Chitinophagia","Chitinophagales","Chitinophagaceae","Flavitalea"
"ASV_1579","ASV_1579","Bacteria","Proteobacteria","Alphaproteobacteria","Rhodospirillales","Acetobacteraceae",NA
"ASV_1582","ASV_1582","Bacteria","Firmicutes","Bacilli","Lactobacillales",NA,NA
"ASV_1584","ASV_1584","Bacteria","Proteobacteria","Alphaproteobacteria","Rhizobiales","Beijerinckiaceae",NA
"ASV_1585","ASV_1585","Bacteria","Actinobacteria","Actinobacteria","Frankiales","Frankiaceae","Jatrophihabitans"
"ASV_1586","ASV_1586","Bacteria","Firmicutes","Bacilli","Bacillales","Bacillaceae_1",NA
"ASV_1594","ASV_1594","Bacteria","Actinobacteria","Actinobacteria","Frankiales","Frankiaceae","Jatrophihabitans"
"ASV_1601","ASV_1601","Bacteria","Bacteroidetes","Cytophagia","Cytophagales","Hymenobacteraceae","Hymenobacter"
"ASV_1604","ASV_1604","Bacteria","Proteobacteria","Alphaproteobacteria","Rhodospirillales","Rhodospirillaceae",NA
"ASV_1605","ASV_1605","Bacteria","Proteobacteria","Alphaproteobacteria","Rhodospirillales","Acetobacteraceae",NA
"ASV_1607","ASV_1607","Bacteria","Proteobacteria","Alphaproteobacteria","Sphingomonadales","Sphingomonadaceae","Sphingomonas"
"ASV_1608","ASV_1608","Bacteria","Acidobacteria","Acidobacteria_Gp3","Gp3",NA,NA
"ASV_1609","ASV_1609","Bacteria","Proteobacteria","Betaproteobacteria","Burkholderiales","Alcaligenaceae",NA
"ASV_1610","ASV_1610","Bacteria","Actinobacteria","Actinobacteria","Mycobacteriales","Nocardiaceae","Rhodococcus"
"ASV_1611","ASV_1611","Bacteria","Actinobacteria","Actinobacteria","Micrococcales","Intrasporangiaceae","Ornithinicoccus"
"ASV_1612","ASV_1612","Bacteria","Actinobacteria","Actinobacteria","Propionibacteriales","Nocardioidaceae","Marmoricola"
"ASV_1613","ASV_1613","Bacteria","Proteobacteria","Alphaproteobacteria","Sphingomonadales","Sphingomonadaceae","Sphingomonas"
"ASV_1614","ASV_1614","Bacteria","Firmicutes","Bacilli","Bacillales","Paenibacillaceae_2","Ammoniphilus"
"ASV_1617","ASV_1617","Bacteria","Proteobacteria","Oligoflexia","Oligoflexales",NA,NA
"ASV_1618","ASV_1618","Bacteria","Proteobacteria","Alphaproteobacteria","Rhizobiales","Devosiaceae","Devosia"
"ASV_1619","ASV_1619","Bacteria","Proteobacteria","Alphaproteobacteria","Rhodobacterales","Rhodobacteraceae","Rubellimicrobium"
"ASV_1620","ASV_1620","Bacteria","Bacteroidetes","Chitinophagia","Chitinophagales","Chitinophagaceae","Ferruginibacter"
"ASV_1628","ASV_1628","Bacteria","Bacteroidetes","Sphingobacteriia","Sphingobacteriales","Sphingobacteriaceae","Mucilaginibacter"
"ASV_1634","ASV_1634","Bacteria","Bacteroidetes","Cytophagia","Cytophagales","Hymenobacteraceae","Hymenobacter"
"ASV_1636","ASV_1636","Bacteria","Proteobacteria","Gammaproteobacteria","Xanthomonadales","Rhodanobacteraceae","Frateuria"
"ASV_1637","ASV_1637","Bacteria","Actinobacteria","Actinobacteria","Micromonosporales","Micromonosporaceae",NA
"ASV_1643","ASV_1643","Bacteria","Bacteroidetes","Cytophagia","Cytophagales","Hymenobacteraceae","Hymenobacter"
"ASV_1644","ASV_1644","Bacteria","Proteobacteria","Betaproteobacteria","Burkholderiales","Comamonadaceae","Polaromonas"
"ASV_1649","ASV_1649","Bacteria","Actinobacteria","Actinobacteria","Propionibacteriales","Propionibacteriaceae","Microlunatus"
"ASV_1656","ASV_1656","Bacteria","Proteobacteria","Deltaproteobacteria","Myxococcales","Polyangiaceae","Sorangium"
"ASV_1657","ASV_1657","Bacteria","Proteobacteria","Alphaproteobacteria",NA,NA,NA
"ASV_1658","ASV_1658","Bacteria","Actinobacteria","Actinobacteria","Micromonosporales","Micromonosporaceae","Micromonospora"
"ASV_1660","ASV_1660","Bacteria","Bacteroidetes","Chitinophagia","Chitinophagales","Chitinophagaceae","Sediminibacterium"
"ASV_1661","ASV_1661","Bacteria","Actinobacteria","Actinobacteria","Geodermatophilales","Geodermatophilaceae","Modestobacter"
"ASV_1662","ASV_1662","Bacteria","Actinobacteria","Actinobacteria","Micrococcales","Micrococcaceae","Enteractinococcus"
"ASV_1663","ASV_1663","Bacteria","Actinobacteria","Actinobacteria","Pseudonocardiales","Pseudonocardiaceae","Pseudonocardia"
"ASV_1664","ASV_1664","Bacteria","Actinobacteria","Actinobacteria","Micrococcales","Intrasporangiaceae","Ornithinimicrobium"
"ASV_1665","ASV_1665","Bacteria","Actinobacteria","Actinobacteria","Propionibacteriales","Nocardioidaceae","Nocardioides"
"ASV_1666","ASV_1666","Bacteria","Firmicutes","Bacilli","Bacillales","Bacillaceae_1","Bacillus"
"ASV_1667","ASV_1667","Bacteria","Abditibacteriota","Abditibacteria","Abditibacteriales","Abditibacteriaceae","Abditibacterium"
"ASV_1668","ASV_1668","Bacteria","Firmicutes","Clostridia","Clostridiales","Clostridiaceae_1","Clostridium_sensu_stricto"
"ASV_1671","ASV_1671","Bacteria","Proteobacteria","Alphaproteobacteria","Sphingomonadales","Sphingomonadaceae","Sphingomonas"
"ASV_1672","ASV_1672","Bacteria","Deinococcus-Thermus","Deinococci","Deinococcales","Deinococcaceae","Deinococcus"
"ASV_1682","ASV_1682","Bacteria","Proteobacteria","Alphaproteobacteria","Rhodospirillales","Acetobacteraceae","Acidisoma"
"ASV_1692","ASV_1692","Bacteria","Bacteroidetes","Cytophagia","Cytophagales","Cytophagaceae","Spirosoma"
"ASV_1696","ASV_1696","Bacteria","Proteobacteria","Alphaproteobacteria","Caulobacterales","Caulobacteraceae","Phenylobacterium"
"ASV_1697","ASV_1697","Bacteria","Bacteroidetes","Chitinophagia","Chitinophagales","Chitinophagaceae",NA
"ASV_1703","ASV_1703","Bacteria","Abditibacteriota","Abditibacteria","Abditibacteriales","Abditibacteriaceae","Abditibacterium"
"ASV_1706","ASV_1706","Bacteria","Proteobacteria","Alphaproteobacteria","Rhizobiales","Aurantimonadaceae","Aureimonas"
"ASV_1708","ASV_1708","Bacteria","Proteobacteria","Alphaproteobacteria","Sphingomonadales","Sphingomonadaceae","Sphingomonas"
"ASV_1709","ASV_1709","Bacteria","Bacteroidetes","Cytophagia","Cytophagales","Hymenobacteraceae","Hymenobacter"
"ASV_1710","ASV_1710","Bacteria","Firmicutes","Bacilli","Bacillales","Bacillaceae_2","Ornithinibacillus"
"ASV_1711","ASV_1711","Bacteria","Firmicutes","Bacilli","Bacillales","Paenibacillaceae_1","Paenibacillus"
"ASV_1714","ASV_1714","Bacteria","Actinobacteria","Actinobacteria","Streptosporangiales",NA,NA
"ASV_1717","ASV_1717","Bacteria","Bacteroidetes","Sphingobacteriia","Sphingobacteriales","Sphingobacteriaceae",NA
"ASV_1726","ASV_1726","Bacteria","Proteobacteria","Betaproteobacteria","Burkholderiales","Oxalobacteraceae","Massilia"
"ASV_1727","ASV_1727","Bacteria","Proteobacteria","Alphaproteobacteria",NA,NA,NA
"ASV_1728","ASV_1728","Bacteria","Actinobacteria","Actinobacteria","Nakamurellales","Nakamurellaceae","Nakamurella"
"ASV_1729","ASV_1729","Bacteria","Proteobacteria",NA,NA,NA,NA
"ASV_1734","ASV_1734","Bacteria","Actinobacteria","Actinobacteria",NA,NA,NA
"ASV_1738","ASV_1738","Bacteria","Actinobacteria","Actinobacteria","Streptosporangiales","Thermomonosporaceae","Actinoallomurus"
"ASV_1739","ASV_1739","Bacteria","Verrucomicrobia","Spartobacteria",NA,NA,NA
"ASV_1740","ASV_1740","Bacteria","Bacteroidetes","Flavobacteriia","Flavobacteriales","Weeksellaceae","Chryseobacterium"
"ASV_1741","ASV_1741","Bacteria","Actinobacteria","Actinobacteria","Micrococcales","Micrococcaceae","Arthrobacter"
"ASV_1742","ASV_1742","Bacteria","Bacteroidetes","Cytophagia","Cytophagales","Cytophagaceae","Fibrella"
"ASV_1744","ASV_1744","Bacteria","Acidobacteria","Acidobacteria_Gp3","Gp3",NA,NA
"ASV_1748","ASV_1748","Bacteria","Acidobacteria","Acidobacteria_Gp1","Granulicella",NA,NA
"ASV_1750","ASV_1750","Bacteria","Proteobacteria","Alphaproteobacteria","Rhizobiales","Bradyrhizobiaceae",NA
"ASV_1751","ASV_1751","Bacteria","Bacteroidetes","Sphingobacteriia","Sphingobacteriales","Sphingobacteriaceae","Mucilaginibacter"
"ASV_1752","ASV_1752","Bacteria","Proteobacteria","Alphaproteobacteria","Sphingomonadales","Erythrobacteraceae","Porphyrobacter"
"ASV_1753","ASV_1753","Bacteria","Proteobacteria","Gammaproteobacteria","Chromatiales",NA,NA
"ASV_1754","ASV_1754","Bacteria","Bacteroidetes","Chitinophagia","Chitinophagales","Chitinophagaceae",NA
"ASV_1755","ASV_1755","Bacteria","Bacteroidetes","Cytophagia","Cytophagales","Hymenobacteraceae","Hymenobacter"
"ASV_1758","ASV_1758","Bacteria","Acidobacteria","Acidobacteria_Gp3","Candidatus_Solibacter",NA,NA
"ASV_1759","ASV_1759","Bacteria","Actinobacteria","Actinobacteria","Micrococcales","Cellulomonadaceae","Oerskovia"
"ASV_1760","ASV_1760","Bacteria","Actinobacteria","Actinobacteria","Kineosporiales","Kineosporiaceae","Kineococcus"
"ASV_1762","ASV_1762","Bacteria","Bacteroidetes","Cytophagia","Cytophagales","Cytophagaceae","Huanghella"
"ASV_1763","ASV_1763","Bacteria","Actinobacteria","Actinobacteria","Propionibacteriales","Propionibacteriaceae","Microlunatus"
"ASV_1766","ASV_1766","Bacteria","Proteobacteria","Alphaproteobacteria","Rhodospirillales","Acetobacteraceae","Acidisoma"
"ASV_1767","ASV_1767","Bacteria","Acidobacteria","Acidobacteria_Gp1","Edaphobacter",NA,NA
"ASV_1768","ASV_1768","Bacteria","Bacteroidetes","Chitinophagia","Chitinophagales","Chitinophagaceae","Flavitalea"
"ASV_1769","ASV_1769","Bacteria","Bacteroidetes","Chitinophagia","Chitinophagales","Chitinophagaceae","Parafilimonas"
"ASV_1770","ASV_1770","Bacteria","Bacteroidetes","Chitinophagia","Chitinophagales","Chitinophagaceae","Segetibacter"
"ASV_1782","ASV_1782","Bacteria","Bacteroidetes","Chitinophagia","Chitinophagales","Chitinophagaceae",NA
"ASV_1784","ASV_1784","Bacteria","Proteobacteria","Gammaproteobacteria",NA,NA,NA
"ASV_1787","ASV_1787","Bacteria","Proteobacteria","Alphaproteobacteria","Rhodospirillales","Acetobacteraceae","Roseomonas"
"ASV_1792","ASV_1792","Bacteria","Actinobacteria","Actinobacteria","Nakamurellales","Nakamurellaceae","Nakamurella"
"ASV_1793","ASV_1793","Bacteria","Proteobacteria","Betaproteobacteria","Burkholderiales","Burkholderiaceae",NA
"ASV_1797","ASV_1797","Bacteria","Proteobacteria","Alphaproteobacteria","Rhodospirillales","Azospirillaceae","Skermanella"
"ASV_1798","ASV_1798","Bacteria","Actinobacteria","Actinobacteria","Pseudonocardiales","Pseudonocardiaceae","Pseudonocardia"
"ASV_1803","ASV_1803","Bacteria","Planctomycetes","Planctomycetacia","Pirellulales","Thermoguttaceae",NA
"ASV_1805","ASV_1805","Bacteria","Proteobacteria","Gammaproteobacteria","Gammaproteobacteria_incertae_sedis","Acidibacter",NA
"ASV_1806","ASV_1806","Bacteria","Verrucomicrobia","Spartobacteria",NA,NA,NA
"ASV_1807","ASV_1807","Bacteria","Proteobacteria","Alphaproteobacteria","Rhodospirillales","Acetobacteraceae",NA
"ASV_1808","ASV_1808","Bacteria","Proteobacteria","Alphaproteobacteria","Rhizobiales","Methylobacteriaceae","Microvirga"
"ASV_1809","ASV_1809","Bacteria","Proteobacteria","Alphaproteobacteria","Rhizobiales","Bradyrhizobiaceae","Pseudolabrys"
"ASV_1810","ASV_1810","Bacteria","Bacteroidetes","Chitinophagia","Chitinophagales","Chitinophagaceae","Puia"
"ASV_1811","ASV_1811","Bacteria","Bacteroidetes","Chitinophagia","Chitinophagales","Chitinophagaceae",NA
"ASV_1812","ASV_1812","Bacteria","Bacteroidetes","Cytophagia","Cytophagales","Cytophagaceae","Dyadobacter"
"ASV_1815","ASV_1815","Bacteria","Chloroflexi","Thermomicrobia","Sphaerobacterales","Sphaerobacteraceae","Nitrolancea"
"ASV_1816","ASV_1816","Bacteria","Actinobacteria","Thermoleophilia","Solirubrobacterales",NA,NA
"ASV_1817","ASV_1817","Bacteria","Actinobacteria","Actinobacteria","Micrococcales",NA,NA
"ASV_1818","ASV_1818","Bacteria","Firmicutes","Bacilli","Bacillales","Planococcaceae","Sporosarcina"
"ASV_1819","ASV_1819","Bacteria","Firmicutes","Clostridia","Clostridiales","Clostridiaceae_1","Clostridium_sensu_stricto"
"ASV_1821","ASV_1821","Bacteria","Proteobacteria","Alphaproteobacteria","Caulobacterales","Caulobacteraceae","Phenylobacterium"
"ASV_1822","ASV_1822","Bacteria","Acidobacteria","Acidobacteria_Gp1","Granulicella",NA,NA
"ASV_1826","ASV_1826","Bacteria","Proteobacteria","Alphaproteobacteria","Sphingomonadales","Sphingomonadaceae","Sphingomonas"
"ASV_1828","ASV_1828","Bacteria","Actinobacteria","Actinobacteria","Micrococcales","Cellulomonadaceae","Cellulomonas"
"ASV_1830","ASV_1830","Bacteria","Actinobacteria","Actinobacteria",NA,NA,NA
"ASV_1834","ASV_1834","Bacteria","Proteobacteria","Alphaproteobacteria","Sphingomonadales","Sphingomonadaceae","Sphingomonas"
"ASV_1835","ASV_1835","Bacteria","Proteobacteria","Gammaproteobacteria","Enterobacterales","Pectobacteriaceae","Lonsdalea"
"ASV_1836","ASV_1836","Bacteria","Acidobacteria","Acidobacteria_Gp1","Granulicella",NA,NA
"ASV_1837","ASV_1837","Bacteria","Planctomycetes","Planctomycetacia","Planctomycetales","Isosphaeraceae","Tundrisphaera"
"ASV_1838","ASV_1838","Bacteria","Proteobacteria","Alphaproteobacteria","Rhodospirillales","Acetobacteraceae","Acidisoma"
"ASV_1841","ASV_1841","Bacteria","Proteobacteria","Alphaproteobacteria","Rhodospirillales","Acetobacteraceae",NA
"ASV_1842","ASV_1842","Bacteria","Actinobacteria","Actinobacteria","Geodermatophilales","Geodermatophilaceae","Cumulibacter"
"ASV_1843","ASV_1843","Bacteria","Deinococcus-Thermus","Deinococci","Deinococcales","Deinococcaceae","Deinococcus"
"ASV_1844","ASV_1844","Bacteria","Bacteroidetes","Cytophagia","Cytophagales","Cytophagaceae","Spirosoma"
"ASV_1845","ASV_1845","Bacteria","Actinobacteria","Actinobacteria","Kineosporiales","Kineosporiaceae","Kineococcus"
"ASV_1847","ASV_1847","Bacteria","Proteobacteria","Alphaproteobacteria","Rhizobiales","Bradyrhizobiaceae","Rhodopseudomonas"
"ASV_1851","ASV_1851","Bacteria","Bacteroidetes","Cytophagia","Cytophagales","Hymenobacteraceae","Hymenobacter"
"ASV_1853","ASV_1853","Bacteria","Proteobacteria",NA,NA,NA,NA
"ASV_1858","ASV_1858","Bacteria","Planctomycetes","Planctomycetacia","Planctomycetales","Isosphaeraceae","Aquisphaera"
"ASV_1860","ASV_1860","Bacteria","Proteobacteria","Oligoflexia","Oligoflexales",NA,NA
"ASV_1861","ASV_1861","Bacteria","Proteobacteria","Alphaproteobacteria","Rhodospirillales","Acetobacteraceae",NA
"ASV_1862","ASV_1862","Bacteria","Proteobacteria","Gammaproteobacteria","Pseudomonadales","Pseudomonadaceae","Pseudomonas"
"ASV_1863","ASV_1863","Bacteria","Proteobacteria","Gammaproteobacteria","Xanthomonadales","Xanthomonadaceae","Lysobacter"
"ASV_1865","ASV_1865","Bacteria","Proteobacteria","Alphaproteobacteria","Sphingomonadales","Sphingomonadaceae","Sphingomonas"
"ASV_1867","ASV_1867","Bacteria","Acidobacteria","Blastocatellia","Blastocatellales","Blastocatellaceae","Aridibacter"
"ASV_1868","ASV_1868","Bacteria","Actinobacteria","Thermoleophilia","Solirubrobacterales","Conexibacteraceae","Conexibacter"
"ASV_1869","ASV_1869","Bacteria","Chloroflexi","Thermomicrobia","Sphaerobacterales","Sphaerobacteraceae","Nitrolancea"
"ASV_1870","ASV_1870","Bacteria","Proteobacteria","Betaproteobacteria","Burkholderiales","Burkholderiaceae","Caballeronia"
"ASV_1871","ASV_1871","Bacteria","Abditibacteriota","Abditibacteria","Abditibacteriales","Abditibacteriaceae","Abditibacterium"
"ASV_1873","ASV_1873","Bacteria","Chloroflexi",NA,NA,NA,NA
"ASV_1878","ASV_1878","Bacteria","Verrucomicrobia","Spartobacteria",NA,NA,NA
"ASV_1879","ASV_1879","Bacteria","Proteobacteria","Alphaproteobacteria","Rhodospirillales","Acetobacteraceae",NA
"ASV_1880","ASV_1880","Bacteria","Proteobacteria","Alphaproteobacteria","Caulobacterales","Caulobacteraceae","Phenylobacterium"
"ASV_1881","ASV_1881","Bacteria","Proteobacteria","Alphaproteobacteria","Sphingomonadales","Sphingomonadaceae","Sphingomonas"
"ASV_1882","ASV_1882","Bacteria","Bacteroidetes","Cytophagia","Cytophagales","Cytophagaceae","Spirosoma"
"ASV_1883","ASV_1883","Bacteria","Bacteroidetes","Cytophagia","Cytophagales","Cytophagaceae","Dyadobacter"
"ASV_1884","ASV_1884","Bacteria","Acidobacteria","Blastocatellia","Blastocatellales","Blastocatellaceae","Blastocatella"
"ASV_1885","ASV_1885","Bacteria","Actinobacteria","Thermoleophilia","Solirubrobacterales","Solirubrobacteraceae","Solirubrobacter"
"ASV_1886","ASV_1886","Bacteria","Firmicutes","Bacilli","Bacillales","Bacillaceae_2","Tuberibacillus"
"ASV_1887","ASV_1887","Bacteria","Actinobacteria","Actinobacteria","Propionibacteriales","Nocardioidaceae","Nocardioides"
"ASV_1889","ASV_1889","Bacteria","Proteobacteria","Alphaproteobacteria","Rhizobiales","Bradyrhizobiaceae","Bradyrhizobium"
"ASV_1890","ASV_1890","Bacteria","Actinobacteria","Actinobacteria","Micrococcales","Intrasporangiaceae","Terrabacter"
"ASV_1891","ASV_1891","Bacteria","Proteobacteria","Alphaproteobacteria","Sphingomonadales","Sphingomonadaceae","Sphingomonas"
"ASV_1892","ASV_1892","Bacteria","Proteobacteria",NA,NA,NA,NA
"ASV_1894","ASV_1894","Bacteria","Proteobacteria","Alphaproteobacteria","Rhizobiales","Bradyrhizobiaceae","Bradyrhizobium"
"ASV_1902","ASV_1902","Bacteria","Proteobacteria","Alphaproteobacteria","Rhizobiales","Beijerinckiaceae",NA
"ASV_1903","ASV_1903","Bacteria","Proteobacteria","Alphaproteobacteria","Sphingomonadales","Sphingomonadaceae",NA
"ASV_1904","ASV_1904","Bacteria","Bacteroidetes","Chitinophagia","Chitinophagales","Chitinophagaceae","Sediminibacterium"
"ASV_1906","ASV_1906","Bacteria","Proteobacteria","Gammaproteobacteria",NA,NA,NA
"ASV_1907","ASV_1907","Bacteria","Proteobacteria",NA,NA,NA,NA
"ASV_1908","ASV_1908","Bacteria","Acidobacteria","Acidobacteria_Gp1","Granulicella",NA,NA
"ASV_1910","ASV_1910","Bacteria","Bacteroidetes","Chitinophagia","Chitinophagales","Chitinophagaceae","Flavihumibacter"
"ASV_1911","ASV_1911","Bacteria","Actinobacteria","Actinobacteria","Mycobacteriales","Mycobacteriaceae","Mycobacterium"
"ASV_1914","ASV_1914","Bacteria","Proteobacteria","Betaproteobacteria","Burkholderiales","Comamonadaceae","Polaromonas"
"ASV_1917","ASV_1917","Bacteria","Bacteroidetes","Chitinophagia","Chitinophagales","Chitinophagaceae","Ferruginibacter"
"ASV_1918","ASV_1918","Bacteria","Actinobacteria","Thermoleophilia","Solirubrobacterales","Patulibacteraceae","Patulibacter"
"ASV_1920","ASV_1920","Bacteria","Proteobacteria","Gammaproteobacteria","Pseudomonadales","Pseudomonadaceae","Pseudomonas"
"ASV_1921","ASV_1921","Bacteria","Firmicutes","Bacilli","Bacillales","Staphylococcaceae","Staphylococcus"
"ASV_1922","ASV_1922","Bacteria","Proteobacteria","Gammaproteobacteria","Enterobacterales","Morganellaceae",NA
"ASV_1925","ASV_1925","Bacteria","Proteobacteria","Gammaproteobacteria",NA,NA,NA
"ASV_1926","ASV_1926","Bacteria","Proteobacteria","Deltaproteobacteria","Myxococcales","Labilitrichaceae","Labilithrix"
"ASV_1928","ASV_1928","Bacteria","Planctomycetes","Planctomycetacia","Planctomycetales","Isosphaeraceae","Tundrisphaera"
"ASV_1930","ASV_1930","Bacteria","Proteobacteria","Alphaproteobacteria","Sphingomonadales","Erythrobacteraceae","Novosphingobium"
"ASV_1931","ASV_1931","Bacteria","Bacteroidetes","Chitinophagia","Chitinophagales","Chitinophagaceae","Ferruginibacter"
"ASV_1933","ASV_1933","Bacteria","Firmicutes","Clostridia","Clostridiales","Peptostreptococcaceae","Terrisporobacter"
"ASV_1934","ASV_1934","Bacteria","Firmicutes","Bacilli","Bacillales","Bacillaceae_1",NA
"ASV_1935","ASV_1935","Bacteria","Proteobacteria","Deltaproteobacteria","Bdellovibrionales","Bdellovibrionaceae","Vampirovibrio"
"ASV_1936","ASV_1936","Bacteria","Bacteroidetes","Cytophagia","Cytophagales","Hymenobacteraceae","Hymenobacter"
"ASV_1937","ASV_1937","Bacteria","Proteobacteria","Alphaproteobacteria","Rhodospirillales",NA,NA
"ASV_1938","ASV_1938","Bacteria","Proteobacteria","Alphaproteobacteria","Rhodospirillales","Acetobacteraceae","Acidisoma"
"ASV_1939","ASV_1939","Bacteria","Proteobacteria",NA,NA,NA,NA
"ASV_1940","ASV_1940","Bacteria","Proteobacteria","Alphaproteobacteria","Sphingomonadales","Erythrobacteraceae","Novosphingobium"
"ASV_1941","ASV_1941","Bacteria","Bacteroidetes","Chitinophagia","Chitinophagales","Chitinophagaceae",NA
"ASV_1942","ASV_1942","Bacteria","Bacteroidetes","Cytophagia","Cytophagales","Cytophagaceae","Spirosoma"
"ASV_1943","ASV_1943","Bacteria","Actinobacteria","Thermoleophilia","Solirubrobacterales","Conexibacteraceae","Conexibacter"
"ASV_1944","ASV_1944","Bacteria","Actinobacteria","Actinobacteria",NA,NA,NA
"ASV_1947","ASV_1947","Bacteria","Verrucomicrobia","Spartobacteria",NA,NA,NA
"ASV_1949","ASV_1949","Bacteria","Firmicutes","Clostridia","Clostridiales","Clostridiaceae_1","Clostridium_sensu_stricto"
"ASV_1952","ASV_1952","Bacteria","Bacteroidetes","Chitinophagia","Chitinophagales","Chitinophagaceae","Flavisolibacter"
"ASV_1961","ASV_1961","Bacteria","Actinobacteria","Actinobacteria","Kineosporiales","Kineosporiaceae","Quadrisphaera"
"ASV_1962","ASV_1962","Archaea","Euryarchaeota","Methanobacteria","Methanobacteriales","Methanobacteriaceae","Methanobrevibacter"
"ASV_1963","ASV_1963","Archaea","Euryarchaeota","Methanobacteria","Methanobacteriales","Methanobacteriaceae","Methanobrevibacter"
"ASV_1964","ASV_1964","Bacteria","Proteobacteria","Deltaproteobacteria",NA,NA,NA
"ASV_1965","ASV_1965","Bacteria","Proteobacteria","Alphaproteobacteria","Rhizobiales","Devosiaceae","Devosia"
"ASV_1966","ASV_1966","Bacteria","Acidobacteria","Blastocatellia","Blastocatellales","Blastocatellaceae","Stenotrophobacter"
"ASV_1968","ASV_1968","Bacteria","Armatimonadetes","Armatimonadetes_gp5",NA,NA,NA
"ASV_1969","ASV_1969","Bacteria","Proteobacteria","Gammaproteobacteria","Pseudomonadales","Moraxellaceae","Alkanindiges"
"ASV_1972","ASV_1972","Bacteria","Bacteroidetes","Chitinophagia","Chitinophagales","Chitinophagaceae","Segetibacter"
"ASV_1974","ASV_1974","Bacteria","Actinobacteria","Actinobacteria","Propionibacteriales","Nocardioidaceae","Marmoricola"
"ASV_1975","ASV_1975","Bacteria","Proteobacteria","Gammaproteobacteria",NA,NA,NA
"ASV_1976","ASV_1976","Bacteria","Proteobacteria","Deltaproteobacteria","Bdellovibrionales","Bdellovibrionaceae","Bdellovibrio"
"ASV_1977","ASV_1977","Bacteria","Actinobacteria","Actinobacteria","Nakamurellales","Nakamurellaceae","Nakamurella"
"ASV_1978","ASV_1978","Bacteria","Bacteroidetes","Cytophagia","Cytophagales","Hymenobacteraceae","Hymenobacter"
"ASV_1980","ASV_1980","Bacteria","Planctomycetes","Planctomycetacia","Planctomycetales","Isosphaeraceae","Singulisphaera"
"ASV_1982","ASV_1982","Bacteria","Proteobacteria","Alphaproteobacteria","Rhodospirillales",NA,NA
"ASV_1983","ASV_1983","Bacteria","Acidobacteria","Acidobacteria_Gp1","Granulicella",NA,NA
"ASV_1984","ASV_1984","Bacteria","Bacteroidetes","Flavobacteriia","Flavobacteriales","Flavobacteriaceae",NA
"ASV_1985","ASV_1985","Bacteria","Bacteroidetes","Flavobacteriia","Flavobacteriales","Flavobacteriaceae","Gillisia"
"ASV_1986","ASV_1986","Bacteria","Actinobacteria","Thermoleophilia","Solirubrobacterales","Baekduiaceae","Baekduia"
"ASV_1987","ASV_1987","Bacteria","Firmicutes","Clostridia","Clostridiales","Peptostreptococcaceae","Sporacetigenium"
"ASV_1988","ASV_1988","Bacteria","Chloroflexi","Thermomicrobia","Sphaerobacterales","Sphaerobacteraceae","Nitrolancea"
"ASV_1989","ASV_1989","Bacteria","Proteobacteria",NA,NA,NA,NA
"ASV_1994","ASV_1994","Bacteria","Proteobacteria","Alphaproteobacteria","Rhodospirillales",NA,NA
"ASV_1997","ASV_1997","Bacteria","Chlamydiae","Chlamydiia","Chlamydiales",NA,NA
"ASV_1998","ASV_1998","Bacteria","Actinobacteria","Thermoleophilia","Solirubrobacterales",NA,NA
"ASV_1999","ASV_1999","Bacteria","Actinobacteria","Actinobacteria","Geodermatophilales","Geodermatophilaceae","Klenkia"
"ASV_2000","ASV_2000","Bacteria","Actinobacteria","Actinobacteria","Kineosporiales","Kineosporiaceae","Kineococcus"
"ASV_2001","ASV_2001","Bacteria","Abditibacteriota","Abditibacteria","Abditibacteriales","Abditibacteriaceae","Abditibacterium"
"ASV_2002","ASV_2002","Bacteria","Firmicutes","Clostridia","Clostridiales","Clostridiaceae_1","Fervidicella"
"ASV_2005","ASV_2005","Bacteria","Proteobacteria","Alphaproteobacteria","Sphingomonadales","Sphingomonadaceae","Sphingomonas"
"ASV_2013","ASV_2013","Bacteria","Bacteroidetes","Chitinophagia","Chitinophagales","Chitinophagaceae","Ilyomonas"
"ASV_2015","ASV_2015","Bacteria","Proteobacteria","Gammaproteobacteria","Enterobacterales",NA,NA
"ASV_2018","ASV_2018","Bacteria","Proteobacteria","Alphaproteobacteria","Rhodospirillales",NA,NA
"ASV_2020","ASV_2020","Bacteria","Bacteroidetes","Flavobacteriia","Flavobacteriales","Flavobacteriaceae","Flavobacterium"
"ASV_2021","ASV_2021","Bacteria","Proteobacteria","Gammaproteobacteria","Nevskiales","Steroidobacteraceae","Steroidobacter"
"ASV_2022","ASV_2022","Bacteria","Verrucomicrobia","Spartobacteria",NA,NA,NA
"ASV_2023","ASV_2023","Bacteria","Proteobacteria",NA,NA,NA,NA
"ASV_2025","ASV_2025","Bacteria","Actinobacteria","Actinobacteria","Mycobacteriales","Gordoniaceae","Williamsia"
"ASV_2026","ASV_2026","Bacteria","Proteobacteria","Gammaproteobacteria","Enterobacterales","Erwiniaceae","Erwinia"
"ASV_2029","ASV_2029","Bacteria","Bacteroidetes","Cytophagia","Cytophagales","Hymenobacteraceae","Hymenobacter"
"ASV_2031","ASV_2031","Bacteria","Proteobacteria","Alphaproteobacteria","Rhodospirillales","Acetobacteraceae","Acidisoma"
"ASV_2033","ASV_2033","Bacteria","Proteobacteria","Alphaproteobacteria","Rhizobiales",NA,NA
"ASV_2034","ASV_2034","Bacteria","Bacteroidetes","Cytophagia","Cytophagales","Cytophagaceae","Spirosoma"
"ASV_2040","ASV_2040","Bacteria","Proteobacteria","Gammaproteobacteria","Xanthomonadales","Rhodanobacteraceae",NA
"ASV_2041","ASV_2041","Bacteria","Proteobacteria","Alphaproteobacteria","Sphingomonadales","Sphingomonadaceae","Sphingomonas"
"ASV_2042","ASV_2042","Bacteria","Proteobacteria","Gammaproteobacteria","Xanthomonadales","Xanthomonadaceae","Chujaibacter"
"ASV_2043","ASV_2043","Bacteria","Bacteroidetes","Chitinophagia","Chitinophagales","Chitinophagaceae","Flaviaesturariibacter"
"ASV_2044","ASV_2044","Bacteria","Bacteroidetes","Flavobacteriia","Flavobacteriales","Weeksellaceae","Chryseobacterium"
"ASV_2045","ASV_2045","Bacteria","Acidobacteria","Acidobacteria_Gp6","Gp6",NA,NA
"ASV_2046","ASV_2046","Bacteria","Firmicutes","Bacilli","Bacillales","Paenibacillaceae_1","Paenibacillus"
"ASV_2047","ASV_2047","Bacteria","Firmicutes","Bacilli","Bacillales","Bacillaceae_1",NA
"ASV_2050","ASV_2050","Bacteria","Bacteroidetes","Cytophagia","Cytophagales","Cytophagaceae","Spirosoma"
"ASV_2055","ASV_2055","Bacteria","Proteobacteria","Gammaproteobacteria","Enterobacterales",NA,NA
"ASV_2057","ASV_2057","Bacteria","Verrucomicrobia",NA,NA,NA,NA
"ASV_2058","ASV_2058","Bacteria","Acidobacteria","Acidobacteria_Gp7","Gp7",NA,NA
"ASV_2059","ASV_2059","Bacteria","Proteobacteria","Alphaproteobacteria","Rhizobiales","Hyphomicrobiaceae","Rhodomicrobium"
"ASV_2061","ASV_2061","Bacteria","Acidobacteria","Acidobacteria_Gp6","Gp6",NA,NA
"ASV_2064","ASV_2064","Bacteria","Actinobacteria","Thermoleophilia","Solirubrobacterales",NA,NA
"ASV_2065","ASV_2065","Bacteria","Abditibacteriota","Abditibacteria","Abditibacteriales","Abditibacteriaceae","Abditibacterium"
"ASV_2066","ASV_2066","Bacteria","Proteobacteria",NA,NA,NA,NA
"ASV_2068","ASV_2068","Bacteria","Proteobacteria","Betaproteobacteria","Burkholderiales","Oxalobacteraceae","Massilia"
"ASV_2069","ASV_2069","Bacteria","Proteobacteria","Alphaproteobacteria","Rhodospirillales","Acetobacteraceae","Acidisoma"
"ASV_2070","ASV_2070","Bacteria","Proteobacteria","Deltaproteobacteria","Myxococcales","Polyangiaceae","Aetherobacter"
"ASV_2071","ASV_2071","Bacteria","Bacteroidetes","Cytophagia","Cytophagales","Cytophagaceae","Spirosoma"
"ASV_2078","ASV_2078","Bacteria","Proteobacteria","Alphaproteobacteria","Rhodospirillales","Acetobacteraceae",NA
"ASV_2080","ASV_2080","Bacteria","Bacteroidetes","Chitinophagia","Chitinophagales","Chitinophagaceae","Sediminibacterium"
"ASV_2082","ASV_2082","Bacteria","Planctomycetes","Planctomycetacia","Planctomycetales","Isosphaeraceae",NA
"ASV_2083","ASV_2083","Bacteria","Proteobacteria","Alphaproteobacteria","Rhizobiales","Hyphomicrobiaceae","Hyphomicrobium"
"ASV_2084","ASV_2084","Bacteria","Bacteroidetes","Bacteroidia","Bacteroidales","Rikenellaceae","Alistipes"
"ASV_2085","ASV_2085","Bacteria","Actinobacteria",NA,NA,NA,NA
"ASV_2086","ASV_2086","Bacteria","Firmicutes","Clostridia","Clostridiales","Lachnospiraceae",NA
"ASV_2090","ASV_2090","Bacteria","Proteobacteria","Alphaproteobacteria","Rhizobiales","Parvibaculaceae","Anderseniella"
"ASV_2095","ASV_2095","Bacteria","Proteobacteria","Alphaproteobacteria","Rhizobiales","Methylobacteriaceae","Methylobacterium"
"ASV_2096","ASV_2096","Bacteria","Armatimonadetes","Armatimonadia","Armatimonadales","Armatimonadaceae","Armatimonas/Armatimonadetes_gp1"
"ASV_2097","ASV_2097","Bacteria","Acidobacteria","Acidobacteria_Gp1","Granulicella",NA,NA
"ASV_2099","ASV_2099","Bacteria","candidate_division_WPS-1",NA,NA,NA,NA
"ASV_2100","ASV_2100","Bacteria","Planctomycetes","Phycisphaerae","Tepidisphaerales","Tepidisphaeraceae","Tepidisphaera"
"ASV_2101","ASV_2101","Bacteria","Bacteroidetes","Flavobacteriia","Flavobacteriales","Weeksellaceae","Chryseobacterium"
"ASV_2102","ASV_2102","Bacteria","Acidobacteria","Blastocatellia","Blastocatellales","Blastocatellaceae","Aridibacter"
"ASV_2103","ASV_2103","Bacteria","Actinobacteria","Actinobacteria","Streptomycetales","Streptomycetaceae","Streptomyces"
"ASV_2104","ASV_2104","Bacteria","Armatimonadetes","Armatimonadia","Armatimonadales","Armatimonadaceae","Armatimonas/Armatimonadetes_gp1"
"ASV_2105","ASV_2105","Bacteria","Actinobacteria","Thermoleophilia",NA,NA,NA
"ASV_2107","ASV_2107","Bacteria","Armatimonadetes","Armatimonadetes_gp5",NA,NA,NA
"ASV_2108","ASV_2108","Bacteria","Proteobacteria","Alphaproteobacteria",NA,NA,NA
"ASV_2109","ASV_2109","Bacteria","Proteobacteria","Alphaproteobacteria","Rhizobiales","Rhizobiaceae","Rhizobium"
"ASV_2111","ASV_2111","Bacteria","candidate_division_WPS-1",NA,NA,NA,NA
"ASV_2113","ASV_2113","Bacteria","Proteobacteria","Alphaproteobacteria","Rhodospirillales","Acetobacteraceae","Roseomonas"
"ASV_2114","ASV_2114","Bacteria","Proteobacteria","Alphaproteobacteria","Rhizobiales","Bradyrhizobiaceae",NA
"ASV_2115","ASV_2115","Bacteria","Proteobacteria","Alphaproteobacteria","Rhodospirillales","Acetobacteraceae",NA
"ASV_2116","ASV_2116","Bacteria","Verrucomicrobia","Verrucomicrobiae","Verrucomicrobiales","Verrucomicrobiaceae",NA
"ASV_2119","ASV_2119","Bacteria","Proteobacteria","Betaproteobacteria",NA,NA,NA
"ASV_2121","ASV_2121","Bacteria","Firmicutes","Bacilli","Bacillales","Bacillaceae_1","Peribacillus"
"ASV_2123","ASV_2123","Bacteria","Proteobacteria","Alphaproteobacteria","Sphingomonadales","Sphingomonadaceae",NA
"ASV_2124","ASV_2124","Bacteria","Actinobacteria","Actinobacteria","Propionibacteriales","Nocardioidaceae","Marmoricola"
"ASV_2125","ASV_2125","Bacteria","Proteobacteria","Alphaproteobacteria","Rhodospirillales","Acetobacteraceae","Rhodopila"
"ASV_2126","ASV_2126","Bacteria","Bacteroidetes","Chitinophagia","Chitinophagales","Chitinophagaceae","Flavisolibacter"
"ASV_2129","ASV_2129","Bacteria","Actinobacteria","Acidimicrobiia","Acidimicrobiales","Iamiaceae","Aquihabitans"
"ASV_2132","ASV_2132","Bacteria","Actinobacteria","Actinobacteria","Streptomycetales","Streptomycetaceae","Streptomyces"
"ASV_2133","ASV_2133","Bacteria","Actinobacteria","Actinobacteria","Geodermatophilales","Geodermatophilaceae","Blastococcus"
"ASV_2134","ASV_2134","Bacteria","Bacteroidetes","Cytophagia","Cytophagales",NA,NA
"ASV_2135","ASV_2135","Bacteria","Bacteroidetes","Chitinophagia","Chitinophagales","Chitinophagaceae","Ilyomonas"
"ASV_2140","ASV_2140","Bacteria","Acidobacteria","Acidobacteria_Gp1","Terriglobus",NA,NA
"ASV_2142","ASV_2142","Bacteria","Proteobacteria","Gammaproteobacteria","Xanthomonadales","Xanthomonadaceae","Lysobacter"
"ASV_2143","ASV_2143","Bacteria","Firmicutes","Clostridia","Clostridiales","Lachnospiraceae",NA
"ASV_2144","ASV_2144","Bacteria","Firmicutes","Clostridia","Clostridiales","Lachnospiraceae",NA
"ASV_2145","ASV_2145","Bacteria","Firmicutes","Clostridia","Clostridiales","Lachnospiraceae",NA
"ASV_2146","ASV_2146","Bacteria","Proteobacteria","Alphaproteobacteria","Sphingomonadales","Sphingomonadaceae",NA
"ASV_2149","ASV_2149","Bacteria","Acidobacteria","Acidobacteria_Gp1",NA,NA,NA
"ASV_2150","ASV_2150","Bacteria","Actinobacteria","Actinobacteria","Frankiales","Motilibacteraceae","Motilibacter"
"ASV_2151","ASV_2151","Bacteria","Proteobacteria","Deltaproteobacteria","Myxococcales","Labilitrichaceae","Labilithrix"
"ASV_2154","ASV_2154","Bacteria","Bacteroidetes","Chitinophagia","Chitinophagales","Chitinophagaceae","Rurimicrobium"
"ASV_2155","ASV_2155","Bacteria","Bacteroidetes","Chitinophagia","Chitinophagales","Chitinophagaceae",NA
"ASV_2156","ASV_2156","Bacteria","Bacteroidetes","Cytophagia","Cytophagales","Cytophagaceae","Spirosoma"
"ASV_2159","ASV_2159","Bacteria","Actinobacteria","Thermoleophilia","Solirubrobacterales","Conexibacteraceae","Conexibacter"
"ASV_2160","ASV_2160","Bacteria","Proteobacteria",NA,NA,NA,NA
"ASV_2166","ASV_2166","Bacteria","Proteobacteria","Gammaproteobacteria","Xanthomonadales","Xanthomonadaceae","Luteimonas"
"ASV_2167","ASV_2167","Bacteria","Bacteroidetes","Chitinophagia","Chitinophagales","Chitinophagaceae",NA
"ASV_2170","ASV_2170","Bacteria","Actinobacteria","Actinobacteria","Kineosporiales","Kineosporiaceae","Kineococcus"
"ASV_2173","ASV_2173","Bacteria","Abditibacteriota","Abditibacteria","Abditibacteriales","Abditibacteriaceae","Abditibacterium"
"ASV_2175","ASV_2175","Bacteria","Proteobacteria","Deltaproteobacteria","Myxococcales",NA,NA
"ASV_2176","ASV_2176","Bacteria","Proteobacteria","Gammaproteobacteria","Nevskiales","Steroidobacteraceae","Povalibacter"
"ASV_2177","ASV_2177","Bacteria","Proteobacteria","Oligoflexia","Bacteriovoracales","Bacteriovoracaceae","Peredibacter"
"ASV_2178","ASV_2178","Bacteria","Proteobacteria",NA,NA,NA,NA
"ASV_2179","ASV_2179","Bacteria","Chlamydiae","Chlamydiia","Chlamydiales","Parachlamydiaceae","Neochlamydia"
"ASV_2180","ASV_2180","Bacteria","Bacteroidetes","Chitinophagia","Chitinophagales","Chitinophagaceae",NA
"ASV_2182","ASV_2182","Bacteria","Acidobacteria","Acidobacteria_Gp6","Gp6",NA,NA
"ASV_2184","ASV_2184","Bacteria","Acidobacteria","Acidobacteria_Gp3","Gp3",NA,NA
"ASV_2185","ASV_2185","Bacteria","Actinobacteria","Acidimicrobiia","Acidimicrobiales",NA,NA
"ASV_2186","ASV_2186","Bacteria","Firmicutes","Clostridia","Clostridiales","Clostridiales_Incertae_Sedis_XIII","Mogibacterium"
"ASV_2187","ASV_2187","Bacteria","Actinobacteria","Actinobacteria","Propionibacteriales","Nocardioidaceae","Nocardioides"
"ASV_2189","ASV_2189","Bacteria","Proteobacteria","Alphaproteobacteria","Rhizobiales","Bradyrhizobiaceae","Rhodoplanes"
"ASV_2190","ASV_2190","Bacteria","Proteobacteria","Alphaproteobacteria",NA,NA,NA
"ASV_2191","ASV_2191","Bacteria","Actinobacteria","Thermoleophilia","Gaiellales","Gaiellaceae","Gaiella"
"ASV_2194","ASV_2194","Bacteria","Proteobacteria","Alphaproteobacteria","Sphingomonadales","Sphingomonadaceae","Sphingomonas"
"ASV_2196","ASV_2196","Bacteria","Proteobacteria",NA,NA,NA,NA
"ASV_2199","ASV_2199","Bacteria","Bacteroidetes","Chitinophagia","Chitinophagales","Chitinophagaceae","Flavitalea"
"ASV_2200","ASV_2200","Bacteria","Acidobacteria","Acidobacteria_Gp16","Gp16",NA,NA
"ASV_2202","ASV_2202","Bacteria","Proteobacteria","Gammaproteobacteria","Pseudomonadales","Pseudomonadaceae","Pseudomonas"
"ASV_2203","ASV_2203","Bacteria","Proteobacteria",NA,NA,NA,NA
"ASV_2206","ASV_2206","Bacteria","Actinobacteria","Thermoleophilia","Solirubrobacterales",NA,NA
"ASV_2209","ASV_2209","Bacteria","Proteobacteria",NA,NA,NA,NA
"ASV_2210","ASV_2210","Bacteria","Bacteroidetes","Cytophagia","Cytophagales",NA,NA
"ASV_2211","ASV_2211","Bacteria","Armatimonadetes","Armatimonadia","Armatimonadales","Armatimonadaceae","Armatimonas/Armatimonadetes_gp1"
"ASV_2213","ASV_2213","Bacteria","Firmicutes","Bacilli","Bacillales","Paenibacillaceae_1","Paenibacillus"
"ASV_2214","ASV_2214","Bacteria","Proteobacteria","Alphaproteobacteria","Rhodospirillales","Geminicoccaceae","Geminicoccus"
"ASV_2215","ASV_2215","Bacteria","Proteobacteria",NA,NA,NA,NA
"ASV_2216","ASV_2216","Bacteria","Firmicutes","Clostridia","Clostridiales","Clostridiaceae_1","Proteiniclasticum"
"ASV_2218","ASV_2218","Bacteria","Armatimonadetes","Armatimonadia","Armatimonadales","Armatimonadaceae","Armatimonas/Armatimonadetes_gp1"
"ASV_2220","ASV_2220","Bacteria","Proteobacteria","Alphaproteobacteria","Caulobacterales","Caulobacteraceae","Phenylobacterium"
"ASV_2221","ASV_2221","Bacteria","Proteobacteria","Alphaproteobacteria","Rhodospirillales","Acetobacteraceae","Acidisoma"
"ASV_2222","ASV_2222","Bacteria","Bacteroidetes","Sphingobacteriia","Sphingobacteriales","Sphingobacteriaceae","Mucilaginibacter"
"ASV_2223","ASV_2223","Bacteria","Acidobacteria","Acidobacteria_Gp16","Gp16",NA,NA
"ASV_2224","ASV_2224","Bacteria","Proteobacteria","Gammaproteobacteria","Pseudomonadales","Moraxellaceae","Enhydrobacter"
"ASV_2225","ASV_2225","Bacteria","Proteobacteria","Alphaproteobacteria","Rhodospirillales","Rhodospirillaceae",NA
"ASV_2226","ASV_2226","Bacteria","Bacteroidetes","Bacteroidia","Bacteroidales","Bacteroidaceae","Mediterranea"
"ASV_2228","ASV_2228","Bacteria","Firmicutes","Clostridia","Clostridiales","Lachnospiraceae","Cellulosilyticum"
"ASV_2229","ASV_2229","Bacteria","Chloroflexi","Thermomicrobia","Sphaerobacterales","Sphaerobacteraceae","Nitrolancea"
"ASV_2231","ASV_2231","Bacteria","Bacteroidetes","Cytophagia","Cytophagales","Cytophagaceae","Spirosoma"
"ASV_2233","ASV_2233","Bacteria","Actinobacteria","Acidimicrobiia","Acidimicrobiales","Iamiaceae","Actinomarinicola"
"ASV_2236","ASV_2236","Bacteria","Proteobacteria","Alphaproteobacteria","Rhodospirillales","Acetobacteraceae",NA
"ASV_2237","ASV_2237","Bacteria","Proteobacteria","Alphaproteobacteria","Rhodospirillales",NA,NA
"ASV_2238","ASV_2238","Bacteria","Proteobacteria","Gammaproteobacteria","Immundisolibacterales","Immundisolibacteraceae","Immundisolibacter"
"ASV_2240","ASV_2240","Bacteria","Chloroflexi","Thermomicrobia","Sphaerobacterales","Sphaerobacteraceae","Nitrolancea"
"ASV_2242","ASV_2242","Bacteria","Proteobacteria","Deltaproteobacteria","Myxococcales","Polyangiaceae","Aetherobacter"
"ASV_2244","ASV_2244","Bacteria","Actinobacteria","Thermoleophilia","Solirubrobacterales",NA,NA
"ASV_2245","ASV_2245","Bacteria","Proteobacteria","Gammaproteobacteria","Enterobacterales","Erwiniaceae","Buchnera"
"ASV_2246","ASV_2246","Bacteria","Proteobacteria","Deltaproteobacteria","Myxococcales",NA,NA
"ASV_2248","ASV_2248","Bacteria","Proteobacteria","Betaproteobacteria","Nitrosomonadales",NA,NA
"ASV_2250","ASV_2250","Bacteria","Firmicutes","Clostridia","Clostridiales","Lachnospiraceae","Hespellia"
"ASV_2251","ASV_2251","Bacteria","Proteobacteria","Alphaproteobacteria","Rhodobacterales","Rhodobacteraceae","Paracoccus"
"ASV_2252","ASV_2252","Bacteria","Acidobacteria","Acidobacteria_Gp6","Gp6",NA,NA
"ASV_2255","ASV_2255","Bacteria","Proteobacteria","Alphaproteobacteria","Rhizobiales",NA,NA
"ASV_2257","ASV_2257","Bacteria","Proteobacteria","Alphaproteobacteria",NA,NA,NA
"ASV_2258","ASV_2258","Bacteria","Firmicutes","Bacilli","Bacillales","Thermoactinomycetaceae_1","Thermoactinomyces"
"ASV_2260","ASV_2260","Bacteria","candidate_division_WPS-1",NA,NA,NA,NA
"ASV_2262","ASV_2262","Bacteria","Bacteroidetes","Flavobacteriia","Flavobacteriales","Weeksellaceae","Chryseobacterium"
"ASV_2264","ASV_2264","Bacteria","Candidatus_Saccharibacteria",NA,NA,NA,NA
"ASV_2265","ASV_2265","Bacteria","Proteobacteria","Deltaproteobacteria","Desulfuromonadales","Geobacteraceae","Geomonas"
"ASV_2267","ASV_2267","Bacteria","Armatimonadetes","Armatimonadia","Armatimonadales","Armatimonadaceae","Armatimonas/Armatimonadetes_gp1"
"ASV_2268","ASV_2268","Bacteria","Actinobacteria",NA,NA,NA,NA
"ASV_2269","ASV_2269","Bacteria","Proteobacteria",NA,NA,NA,NA
"ASV_2271","ASV_2271","Bacteria","Bacteroidetes","Flavobacteriia","Flavobacteriales","Flavobacteriaceae","Flavobacterium"
"ASV_2273","ASV_2273","Bacteria","Bacteroidetes","Cytophagia","Cytophagales","Cytophagaceae","Spirosoma"
"ASV_2274","ASV_2274","Bacteria","Verrucomicrobia","Spartobacteria",NA,NA,NA
"ASV_2276","ASV_2276","Bacteria","Proteobacteria","Alphaproteobacteria","Sphingomonadales","Erythrobacteraceae",NA
"ASV_2277","ASV_2277","Bacteria","Proteobacteria","Alphaproteobacteria",NA,NA,NA
"ASV_2283","ASV_2283","Bacteria","Firmicutes","Clostridia","Clostridiales","Lachnospiraceae",NA
"ASV_2286","ASV_2286","Bacteria","Proteobacteria","Gammaproteobacteria","Enterobacterales",NA,NA
"ASV_2287","ASV_2287","Bacteria","Proteobacteria","Alphaproteobacteria",NA,NA,NA
"ASV_2288","ASV_2288","Bacteria","Proteobacteria","Alphaproteobacteria","Rhizobiales","Methylobacteriaceae","Methylobacterium"
"ASV_2289","ASV_2289","Bacteria","Bacteroidetes","Cytophagia","Cytophagales","Cytophagaceae","Spirosoma"
"ASV_2290","ASV_2290","Bacteria","Firmicutes","Bacilli","Bacillales","Staphylococcaceae","Jeotgalicoccus"
"ASV_2292","ASV_2292","Bacteria","Verrucomicrobia","Spartobacteria",NA,NA,NA
"ASV_2293","ASV_2293","Bacteria","Firmicutes","Clostridia","Clostridiales","Clostridiaceae_1","Clostridium_sensu_stricto"
"ASV_2294","ASV_2294","Bacteria","Proteobacteria","Alphaproteobacteria","Rickettsiales","Rickettsiaceae","Rickettsia"
"ASV_2295","ASV_2295","Bacteria","Bacteroidetes","Chitinophagia","Chitinophagales","Chitinophagaceae",NA
"ASV_2297","ASV_2297","Bacteria","Proteobacteria","Alphaproteobacteria",NA,NA,NA
"ASV_2299","ASV_2299","Bacteria","Bacteroidetes","Cytophagia","Cytophagales","Cytophagaceae","Cytophaga"
"ASV_2300","ASV_2300","Bacteria","Proteobacteria","Gammaproteobacteria",NA,NA,NA
"ASV_2301","ASV_2301","Bacteria","Gemmatimonadetes","Gemmatimonadetes","Gemmatimonadales","Gemmatimonadaceae",NA
"ASV_2302","ASV_2302","Bacteria","Actinobacteria","Actinobacteria","Micrococcales","Micrococcaceae",NA
"ASV_2303","ASV_2303","Bacteria","Firmicutes","Clostridia","Clostridiales","Lachnospiraceae",NA
"ASV_2304","ASV_2304","Bacteria","Actinobacteria","Thermoleophilia","Gaiellales","Gaiellaceae","Gaiella"
"ASV_2305","ASV_2305","Bacteria","Abditibacteriota","Abditibacteria","Abditibacteriales","Abditibacteriaceae","Abditibacterium"
